wp_id,type,slug,category,link
19189,page,grilled-fish-food-court-2,lain-lain,https://www.lkim.gov.my/en/grilled-fish-food-court-2/
18024,page,training-calendar,lain-lain,https://www.lkim.gov.my/en/training-calendar/
16451,page,fishermens-youth-group-kubena,lain-lain,https://www.lkim.gov.my/en/fishermens-youth-group-kubena/
16673,page,agriculture-livelihood-programme,perkhidmatan/bantuan-masyarakat-nelayan,https://www.lkim.gov.my/en/agriculture-livelihood-programme/
15603,page,bahagian-kejuruteraan-2,lain-lain,https://www.lkim.gov.my/en/bahagian-kejuruteraan-2/
13521,page,qfish-en,lain-lain,https://www.lkim.gov.my/en/qfish-en/
12069,page,general,lain-lain,https://www.lkim.gov.my/en/general/
11598,page,home-3,lain-lain,https://www.lkim.gov.my/en/
11355,page,lkim-direction,lain-lain,https://www.lkim.gov.my/en/lkim-direction/
10940,page,home-2,lain-lain,https://www.lkim.gov.my/en/home-2/
10912,page,home,lain-lain,https://www.lkim.gov.my/en/home/
9219,page,buku-data-dan-statistik-lkim,lain-lain,https://www.lkim.gov.my/en/buku-data-dan-statistik-lkim/
9271,page,application-for-lkim-data-information,lain-lain,https://www.lkim.gov.my/en/application-for-lkim-data-information/
9274,page,public-sector-open-data,lain-lain,https://www.lkim.gov.my/en/public-sector-open-data/
2618,page,policy,lain-lain,https://www.lkim.gov.my/en/policy/
2610,page,fish-inspection-centre,lain-lain,https://www.lkim.gov.my/en/fish-inspection-centre/
2400,page,carta-organisasi-lkim-negeri-2,lain-lain,https://www.lkim.gov.my/en/carta-organisasi-lkim-negeri-2/
1768,page,qr-code-help,lain-lain,https://www.lkim.gov.my/en/qr-code-help/
1756,page,1akses,lain-lain,https://www.lkim.gov.my/en/1akses/
1493,page,statistics-online-service,lain-lain,https://www.lkim.gov.my/en/statistics-online-service/
1293,page,lkim-fish-inspection-centrecomplexes-2,lain-lain,https://www.lkim.gov.my/en/lkim-fish-inspection-centrecomplexes-2/
1289,page,general-managers-of-pnnpnk,lain-lain,https://www.lkim.gov.my/en/general-managers-of-pnnpnk/
1267,page,fish-landing-regulatory-division,lain-lain,https://www.lkim.gov.my/en/fish-landing-regulatory-division/
1255,page,engineering-division,lain-lain,https://www.lkim.gov.my/en/engineering-division/
1245,page,management-services-division,lain-lain,https://www.lkim.gov.my/en/management-services-division/
1239,page,infrastructure-division,lain-lain,https://www.lkim.gov.my/en/infrastructure-division/
1233,page,marketing-and-licensing-division,lain-lain,https://www.lkim.gov.my/en/marketing-and-licensing-division/
1210,page,skim-bantuan-bencana-alam-kebajikan-nelayan,lain-lain,https://www.lkim.gov.my/en/skim-bantuan-bencana-alam-kebajikan-nelayan/
1204,page,community-development-and-fishermen-organisation,lain-lain,https://www.lkim.gov.my/en/community-development-and-fishermen-organisation/
1188,page,legal-unit,lain-lain,https://www.lkim.gov.my/en/legal-unit/
1142,page,gallery,lain-lain,https://www.lkim.gov.my/en/gallery/
1135,page,event-directory,lain-lain,https://www.lkim.gov.my/en/event-directory/
1131,page,corporate-communications-division,lain-lain,https://www.lkim.gov.my/en/corporate-communications-division/
1116,page,internal-audit-unit,lain-lain,https://www.lkim.gov.my/en/internal-audit-unit/
1089,page,lkim-headquarters-organisation-chart,lain-lain,https://www.lkim.gov.my/en/lkim-headquarters-organisation-chart/
1061,page,perangkaan-agromakanan-2,lain-lain,https://www.lkim.gov.my/en/perangkaan-agromakanan-2/
1057,page,sendi,lain-lain,https://www.lkim.gov.my/en/sendi/
1033,page,other-languages,lain-lain,https://www.lkim.gov.my/en/other-languages/
1000,page,registry-of-fishermen-societies,lain-lain,https://www.lkim.gov.my/en/registry-of-fishermen-societies/
989,page,pejabat-pendaftar-persatuan-nelayan,lain-lain,https://www.lkim.gov.my/en/pejabat-pendaftar-persatuan-nelayan/
988,page,pejabat-pendaftar-persatuan-nelayan-2,lain-lain,https://www.lkim.gov.my/en/pejabat-pendaftar-persatuan-nelayan-2/
911,page,quotation,lain-lain,https://www.lkim.gov.my/en/quotation/
905,page,training-and-competency,lain-lain,https://www.lkim.gov.my/en/training-and-competency/
901,page,ptk-measurements,lain-lain,https://www.lkim.gov.my/en/ptk-measurements/
897,page,videolkim,lain-lain,https://www.lkim.gov.my/en/videolkim/
891,page,quotation-archives,lain-lain,https://www.lkim.gov.my/en/quotation-archives/
885,page,transfer-and-promotion-of-lkim-staff-archive,lain-lain,https://www.lkim.gov.my/en/transfer-and-promotion-of-lkim-staff-archive/
879,page,key-performance-indicator-kpi-archive,lain-lain,https://www.lkim.gov.my/en/key-performance-indicator-kpi-archive/
874,page,tender-archives,lain-lain,https://www.lkim.gov.my/en/tender-archives/
869,page,on-news-archive,lain-lain,https://www.lkim.gov.my/en/on-news-archive/
865,page,events-archive,lain-lain,https://www.lkim.gov.my/en/events-archive/
790,page,newsletter-integrity,lain-lain,https://www.lkim.gov.my/en/newsletter-integrity/
785,page,lkim-bulletin,lain-lain,https://www.lkim.gov.my/en/lkim-bulletin/
537,page,photo,lain-lain,https://www.lkim.gov.my/en/photo/
366,page,fishermens-market,lain-lain,https://www.lkim.gov.my/en/fishermens-market/
358,page,grilled-fish-food-court,lain-lain,https://www.lkim.gov.my/en/grilled-fish-food-court/
330,page,lkim-fisheries-complexes,lain-lain,https://www.lkim.gov.my/en/lkim-fisheries-complexes/
324,page,lkim-fish-inspection-centrecomplexes,lain-lain,https://www.lkim.gov.my/en/lkim-fish-inspection-centrecomplexes/
320,page,annual-report,lain-lain,https://www.lkim.gov.my/en/annual-report/
201,page,agribazaar-the-advantages-of-online-agro-business,lain-lain,https://www.lkim.gov.my/en/agribazaar-the-advantages-of-online-agro-business/
168,page,ikan-rakyat-programme,lain-lain,https://www.lkim.gov.my/en/ikan-rakyat-programme/
161,page,fish-landing-jetty-regulator,lain-lain,https://www.lkim.gov.my/en/fish-landing-jetty-regulator/
150,page,marketing-development,lain-lain,https://www.lkim.gov.my/en/marketing-development/
137,page,infrastructure-development,lain-lain,https://www.lkim.gov.my/en/infrastructure-development/
130,page,community-and-fishermen-organisation-development,lain-lain,https://www.lkim.gov.my/en/community-and-fishermen-organisation-development/
125,page,aquaculture-development,lain-lain,https://www.lkim.gov.my/en/aquaculture-development/
104,page,agro-based-industry-development,lain-lain,https://www.lkim.gov.my/en/agro-based-industry-development/
74,page,act-49,lain-lain,https://www.lkim.gov.my/en/act-49/
13,page,profil,lain-lain,https://www.lkim.gov.my/en/profil/
2,page,sample-page,lain-lain,https://www.lkim.gov.my/en/sample-page/
23487,post,sebutharga-lkim-ibu-pejabatlkims10-2026-cadangan-menaiktaraf-pendawaian-elektrik-dan-lampu-dekoratif-d-laman-lkim-taman-ekspo-pertanian-malaysia-serdang-maeps-selangor,berita/pengumuman,https://www.lkim.gov.my/en/sebutharga-lkim-ibu-pejabatlkims10-2026-cadangan-menaiktaraf-pendawaian-elektrik-dan-lampu-dekoratif-d-laman-lkim-taman-ekspo-pertanian-malaysia-serdang-maeps-selangor/
23354,post,sebutharga-lkim-pulau-pinanglkimps01-2026-panggilan-semula-kali-ke-2-jualan-kenderaan-terpakai,berita/pengumuman,https://www.lkim.gov.my/en/sebutharga-lkim-pulau-pinanglkimps01-2026-panggilan-semula-kali-ke-2-jualan-kenderaan-terpakai/
23330,post,sebutharga-lkim-melakalkimms06-2026-sebut-harga-untuk-cadangan-membekal-memasang-menyediakan-tapak-melengkapkan-dan-mengujiterima-sistem-ternakan-udang-dalam-tangki-serta-kerja-kerja-berkaita,berita/sebut-harga,https://www.lkim.gov.my/en/sebutharga-lkim-melakalkimms06-2026-sebut-harga-untuk-cadangan-membekal-memasang-menyediakan-tapak-melengkapkan-dan-mengujiterima-sistem-ternakan-udang-dalam-tangki-serta-kerja-kerja-berkaita/
23269,post,sebutharga-lkim-negeri-pulau-pinanglkimps04-2026sebutharga-untuk-perkhidmatan-pembekalan-peralatan-tabung-bencana-pertanian-tbp-lkim-negeri-pulau-pinang-tahun-2026,berita/pengumuman,https://www.lkim.gov.my/en/sebutharga-lkim-negeri-pulau-pinanglkimps04-2026sebutharga-untuk-perkhidmatan-pembekalan-peralatan-tabung-bencana-pertanian-tbp-lkim-negeri-pulau-pinang-tahun-2026/
22185,post,sebut-harga-lkim-bagi-perkhidmatan-penyewaan-peralatan-termasuk-pemasangan-merekabentuk-keseluruhan-hiasan-dan-kelengkapan-hub-informasi-program-mengoptimumkan-penggunaan-tanah-dengan-kerjasama-kera,berita/sebut-harga,https://www.lkim.gov.my/en/sebut-harga-lkim-bagi-perkhidmatan-penyewaan-peralatan-termasuk-pemasangan-merekabentuk-keseluruhan-hiasan-dan-kelengkapan-hub-informasi-program-mengoptimumkan-penggunaan-tanah-dengan-kerjasama-kera/
21908,post,proposed-construction-works-for-jetty-infrastructure-and-other-related-works-at-kampung-merang-setiu-terengganu,berita/sebut-harga,https://www.lkim.gov.my/en/proposed-construction-works-for-jetty-infrastructure-and-other-related-works-at-kampung-merang-setiu-terengganu/
21906,post,proposal-for-works-to-construct-deliver-transport-and-install-offshore-fish-farm-modules-lidl-for-lkim-under-the-restoration-programme-sogt-and-other-related-works-in-the-waters-of-papar-sabah,berita/pengumuman,https://www.lkim.gov.my/en/proposal-for-works-to-construct-deliver-transport-and-install-offshore-fish-farm-modules-lidl-for-lkim-under-the-restoration-programme-sogt-and-other-related-works-in-the-waters-of-papar-sabah/
21904,post,offer-for-quotation-on-the-sale-of-official-vehicle-of-lkim-office-nissan-x-trail-lkim-j-s2-2025-wvg-8375,berita/sebut-harga,https://www.lkim.gov.my/en/offer-for-quotation-on-the-sale-of-official-vehicle-of-lkim-office-nissan-x-trail-lkim-j-s2-2025-wvg-8375/
21899,post,quotation-for-the-sale-of-scrap-waste-for-the-disposal-of-moveable-asset-mobile-information-van-inokom-van-wky-5721,berita/sebut-harga,https://www.lkim.gov.my/en/quotation-for-the-sale-of-scrap-waste-for-the-disposal-of-moveable-asset-mobile-information-van-inokom-van-wky-5721/
21756,post,iklan-tawaran-penyewaan-tanah-dan-premis-projek-akuakultur-lkim,berita/pengumuman,https://www.lkim.gov.my/en/iklan-tawaran-penyewaan-tanah-dan-premis-projek-akuakultur-lkim/
21894,post,quotation-for-the-sale-of-used-vehicles-lkim-sabah,berita/sebut-harga,https://www.lkim.gov.my/en/quotation-for-the-sale-of-used-vehicles-lkim-sabah/
21509,post,lkims1-2025-sebut-harga-lkim-bagi-membekal-membangun-menguji-dan-mentauliah-sistem-eklaim-lembaga-kemajuan-ikan-malaysia,berita/sebut-harga,https://www.lkim.gov.my/en/lkims1-2025-sebut-harga-lkim-bagi-membekal-membangun-menguji-dan-mentauliah-sistem-eklaim-lembaga-kemajuan-ikan-malaysia/
20181,post,quotation-offer-statement-for-the-sales-of-lkims-used-vehicles-lkim-j-s1-2024,berita/pengumuman,https://www.lkim.gov.my/en/quotation-offer-statement-for-the-sales-of-lkims-used-vehicles-lkim-j-s1-2024/
20067,post,lkim-tender-notice-2023,berita/tender,https://www.lkim.gov.my/en/lkim-tender-notice-2023/
20034,post,proposed-works-to-upgrade-and-improve-facilities-at-the-fish-landing-jetty-and-related-works-at-the-kuala-bekah-fishing-jetty-penang,berita/sebut-harga,https://www.lkim.gov.my/en/proposed-works-to-upgrade-and-improve-facilities-at-the-fish-landing-jetty-and-related-works-at-the-kuala-bekah-fishing-jetty-penang/
20031,post,proposed-works-to-upgrade-the-fishermen-outlet-and-related-works-at-jalan-desaria-pulau-meranti-selangor,berita/sebut-harga,https://www.lkim.gov.my/en/proposed-works-to-upgrade-the-fishermen-outlet-and-related-works-at-jalan-desaria-pulau-meranti-selangor/
20028,post,quotation-for-the-building-and-area-cleaning-services-for-a-period-of-1-year-at-the-fisheries-development-authority-of-malaysia-headquarters,berita/sebut-harga,https://www.lkim.gov.my/en/quotation-for-the-building-and-area-cleaning-services-for-a-period-of-1-year-at-the-fisheries-development-authority-of-malaysia-headquarters/
19765,post,quotation-for-the-supply-and-distribution-of-lkims-official-diary-for-2024-and-other-related-work-for-the-malaysian-fisheries-development-authority-lkims19-2023,berita/sebut-harga,https://www.lkim.gov.my/en/quotation-for-the-supply-and-distribution-of-lkims-official-diary-for-2024-and-other-related-work-for-the-malaysian-fisheries-development-authority-lkims19-2023/
19550,post,price-list-of-tender-offers-lkim-t2-2023,berita/tender,https://www.lkim.gov.my/en/price-list-of-tender-offers-lkim-t2-2023/
19477,post,quotation-for-the-supply-delivery-installation-testing-and-commissioning-of-e-attendance-system-for-the-use-of-the-fisheries-development-authority-of-malaysia-lkims24-2023,berita/sebut-harga,https://www.lkim.gov.my/en/quotation-for-the-supply-delivery-installation-testing-and-commissioning-of-e-attendance-system-for-the-use-of-the-fisheries-development-authority-of-malaysia-lkims24-2023/
19439,post,lkims18-2023-2,berita/sebut-harga,https://www.lkim.gov.my/en/lkims18-2023-2/
19436,post,lkims22-2023-2,berita/sebut-harga,https://www.lkim.gov.my/en/lkims22-2023-2/
19343,post,lkims202023,berita/sebut-harga,https://www.lkim.gov.my/en/lkims202023/
19339,post,membekal-dan-menghantar-kenderaan-pacuan-4-roda-4x4-dan-lori-4-8-tan-serta-aksesori-tambahan-untuk-kegunaan-lembaga-kemajuan-ikan-malaysia-lkimt3-2023,berita/tender,https://www.lkim.gov.my/en/membekal-dan-menghantar-kenderaan-pacuan-4-roda-4x4-dan-lori-4-8-tan-serta-aksesori-tambahan-untuk-kegunaan-lembaga-kemajuan-ikan-malaysia-lkimt3-2023/
19316,post,lkims162023,berita/sebut-harga,https://www.lkim.gov.my/en/lkims162023/
19295,post,sebut-harga-pengendalian-kafeteria-di-ibu-pejabat-lembaga-kemajuan-ikan-malaysia-lkim-tahun-2023-2024-lkims17-2023,berita/sebut-harga,https://www.lkim.gov.my/en/sebut-harga-pengendalian-kafeteria-di-ibu-pejabat-lembaga-kemajuan-ikan-malaysia-lkim-tahun-2023-2024-lkims17-2023/
19269,post,lkim-t2-2023,berita/tender,https://www.lkim.gov.my/en/lkim-t2-2023/
19266,post,senarai-kontraktor-pembekal-bagi-sebut-harga-yang-telah-berjaya-sehingga-ogos-2023-peringkat-ibu-pejabat-lkim,berita/pengumuman,https://www.lkim.gov.my/en/senarai-kontraktor-pembekal-bagi-sebut-harga-yang-telah-berjaya-sehingga-ogos-2023-peringkat-ibu-pejabat-lkim/
19250,post,cadangan-kajian-geoteknikal-di-taman-pemperosesan-ikan-bersepadu-kifpp-kuantan-pahang-lkims15-2023,berita/sebut-harga,https://www.lkim.gov.my/en/cadangan-kajian-geoteknikal-di-taman-pemperosesan-ikan-bersepadu-kifpp-kuantan-pahang-lkims15-2023/
19246,post,cadangan-kerja-kerja-menaiktaraf-jeti-pendaratan-ikan-serta-kerja-kerja-berkaitan-di-pengkalan-sungai-rambai-chuah-negeri-sembilan-lkims13-2023,berita/sebut-harga,https://www.lkim.gov.my/en/cadangan-kerja-kerja-menaiktaraf-jeti-pendaratan-ikan-serta-kerja-kerja-berkaitan-di-pengkalan-sungai-rambai-chuah-negeri-sembilan-lkims13-2023/
18814,post,tender-membekal-dan-menghantar-bekalan-makanan-ikan-kepada-pengusaha-akuakultur-di-negeri-johor-lkim-t1-dof-2023-2,berita/tender,https://www.lkim.gov.my/en/tender-membekal-dan-menghantar-bekalan-makanan-ikan-kepada-pengusaha-akuakultur-di-negeri-johor-lkim-t1-dof-2023-2/
18463,post,bantuan-khas-kewangan-aidilfitri-tahun-2023-kepada-pesawah-dan-nelayan-2,arkib/arkib-pengumuman,https://www.lkim.gov.my/en/bantuan-khas-kewangan-aidilfitri-tahun-2023-kepada-pesawah-dan-nelayan-2/
18188,post,quotation-for-the-supply-and-delivery-of-computer-stationery-supplies-to-the-fisheries-development-authority-of-malaysia,berita/sebut-harga,https://www.lkim.gov.my/en/quotation-for-the-supply-and-delivery-of-computer-stationery-supplies-to-the-fisheries-development-authority-of-malaysia/
17927,post,lkim-examination,berita/pengumuman,https://www.lkim.gov.my/en/lkim-examination/
17322,post,tender-perkhidmatan-penyelenggaraan-sistem-e-nelayan-dan-sistem-e-pengisytiharan-lkim-untuk-tempoh-tiga-3-tahun-lkimt1-2023-2,berita/tender,https://www.lkim.gov.my/en/tender-perkhidmatan-penyelenggaraan-sistem-e-nelayan-dan-sistem-e-pengisytiharan-lkim-untuk-tempoh-tiga-3-tahun-lkimt1-2023-2/
16313,post,sebut-harga-bagi-membekal-membangun-menguji-dan-mentauliah-sistem-epengambilan-bagi-kegunaan-lembaga-kemajuan-ikan-malaysia-lkims33-2022,berita/sebut-harga,https://www.lkim.gov.my/en/sebut-harga-bagi-membekal-membangun-menguji-dan-mentauliah-sistem-epengambilan-bagi-kegunaan-lembaga-kemajuan-ikan-malaysia-lkims33-2022/
16310,post,perkhidmatan-penyelenggaraan-sistem-w-iccs-lkim-lkims30-2022-2,berita/sebut-harga,https://www.lkim.gov.my/en/perkhidmatan-penyelenggaraan-sistem-w-iccs-lkim-lkims30-2022-2/
16104,post,sebut-harga-bagi-perkhidmatan-pengendalian-kafeteria-di-ibu-pejabat-lkim-bagi-tempoh-satu-1-tahun-2,berita/sebut-harga,https://www.lkim.gov.my/en/sebut-harga-bagi-perkhidmatan-pengendalian-kafeteria-di-ibu-pejabat-lkim-bagi-tempoh-satu-1-tahun-2/
16015,post,sebut-harga-bagi-perkhidmatan-penyelenggaraan-dan-khidmat-sokongan-peralatan-ict-pusat-data-data-center-ibu-pejabat-lembaga-kemajuan-ikan-malaysia-lkims26-2022,berita/sebut-harga,https://www.lkim.gov.my/en/sebut-harga-bagi-perkhidmatan-penyelenggaraan-dan-khidmat-sokongan-peralatan-ict-pusat-data-data-center-ibu-pejabat-lembaga-kemajuan-ikan-malaysia-lkims26-2022/
15957,post,sebut-harga-bagi-membekal-dan-mengedar-buku-harian-rasmi-diari-lkim-untuk-tahun-2023-serta-lain-lain-kerja-berkaitan-untuk-lembaga-kemajuan-ikan-malaysia-lkims23-2022-2,berita/sebut-harga,https://www.lkim.gov.my/en/sebut-harga-bagi-membekal-dan-mengedar-buku-harian-rasmi-diari-lkim-untuk-tahun-2023-serta-lain-lain-kerja-berkaitan-untuk-lembaga-kemajuan-ikan-malaysia-lkims23-2022-2/
15929,post,sebut-harga-bagi-kerja-kerja-merekabentuk-mencetak-dan-mengedar-kalendar-meja-korporat-untuk-tahun-2023-serta-lain-lain-kerja-berkaitan-untuk-lembaga-kemajuan-ikan-malaysia-lkimsb5-2022-2,berita/sebut-harga,https://www.lkim.gov.my/en/sebut-harga-bagi-kerja-kerja-merekabentuk-mencetak-dan-mengedar-kalendar-meja-korporat-untuk-tahun-2023-serta-lain-lain-kerja-berkaitan-untuk-lembaga-kemajuan-ikan-malaysia-lkimsb5-2022-2/
15871,post,perkhidmatan-membekal-menghantar-dan-memasang-tiga-3-unit-jentera-penarik-perahu-winch-machine-di-pangkalan-nelayan-pantai-rombang-melaka-lkimm-s14-2022-2,berita/sebut-harga,https://www.lkim.gov.my/en/perkhidmatan-membekal-menghantar-dan-memasang-tiga-3-unit-jentera-penarik-perahu-winch-machine-di-pangkalan-nelayan-pantai-rombang-melaka-lkimm-s14-2022-2/
15859,post,sebut-harga-bagi-jualan-sisa-skrap-bagi-penjualan-aset-tak-alih-lkim-ibu-pejabat-komponen-bangunan-papan-tanda-logo-lkim-pagar-dawai-persempadanan-tanah-milik-lkim-pagar-besi-di-atas-tembok-batu-2,berita/sebut-harga,https://www.lkim.gov.my/en/sebut-harga-bagi-jualan-sisa-skrap-bagi-penjualan-aset-tak-alih-lkim-ibu-pejabat-komponen-bangunan-papan-tanda-logo-lkim-pagar-dawai-persempadanan-tanah-milik-lkim-pagar-besi-di-atas-tembok-batu-2/
15311,post,jadual-tawaran-tender-cadangan-kerja-kerja-pembaikan-dan-menaiktaraf-jeti-dan-bangunan-di-kompleks-perikanan-lkim-kuala-perlis-perlis-lkim-t12-2022-2,berita/pengumuman,https://www.lkim.gov.my/en/jadual-tawaran-tender-cadangan-kerja-kerja-pembaikan-dan-menaiktaraf-jeti-dan-bangunan-di-kompleks-perikanan-lkim-kuala-perlis-perlis-lkim-t12-2022-2/
14788,post,jadual-tawaran-tender-membekal-membeku-membungkus-menyimpan-mengedar-dan-membekal-ikan-sejuk-beku-qfish-milik-lkim-lkim-t8-2022-2,berita/pengumuman,https://www.lkim.gov.my/en/jadual-tawaran-tender-membekal-membeku-membungkus-menyimpan-mengedar-dan-membekal-ikan-sejuk-beku-qfish-milik-lkim-lkim-t8-2022-2/
14769,post,sebut-harga-bagi-membekal-memasang-dan-menguji-terima-alat-pendingin-hawa-jenis-split-unit-di-bangunan-chalet-dan-bangunan-standard-pusat-latihan-lkim-camar-laut-lkimsb4-2022,berita/sebut-harga,https://www.lkim.gov.my/en/sebut-harga-bagi-membekal-memasang-dan-menguji-terima-alat-pendingin-hawa-jenis-split-unit-di-bangunan-chalet-dan-bangunan-standard-pusat-latihan-lkim-camar-laut-lkimsb4-2022/
14741,post,jadual-tawaran-tender-membekal-menghantar-memasang-menguji-dan-mentauliah-menyelenggara-peralatan-ict-untuk-lkim-secara-sewaan-bagi-tempoh-4-tahun-lkim-t7-2022-2,berita/tender,https://www.lkim.gov.my/en/jadual-tawaran-tender-membekal-menghantar-memasang-menguji-dan-mentauliah-menyelenggara-peralatan-ict-untuk-lkim-secara-sewaan-bagi-tempoh-4-tahun-lkim-t7-2022-2/
14656,post,tender-perkhidmatan-merekabentuk-membina-menguji-dan-mentauliah-sebuah-kapal-penangkapan-ikan-jenis-pukat-jerut-ikan-zon-c2-untuk-lembaga-kemajuan-ikan-malaysia-lkimt11-2022,berita/tender,https://www.lkim.gov.my/en/tender-perkhidmatan-merekabentuk-membina-menguji-dan-mentauliah-sebuah-kapal-penangkapan-ikan-jenis-pukat-jerut-ikan-zon-c2-untuk-lembaga-kemajuan-ikan-malaysia-lkimt11-2022/
14662,post,sebut-harga-bagi-membekal-memasang-dan-mengujiterima-peralatan-dan-kelengkapan-sistem-kawalan-keselamatan-access-gate-di-pintu-masuk-utama-wisma-lkim-jalan-desaria-pulau-meranti-puchong-selangor-2,berita/sebut-harga,https://www.lkim.gov.my/en/sebut-harga-bagi-membekal-memasang-dan-mengujiterima-peralatan-dan-kelengkapan-sistem-kawalan-keselamatan-access-gate-di-pintu-masuk-utama-wisma-lkim-jalan-desaria-pulau-meranti-puchong-selangor-2/
11640,post,cadangan-pemasangan-dan-penyelengaraan-2-unit-motor-dan-1-unit-submersible-pump-di-rumah-pam-serta-kerja-kerja-berkaitan-di-pelabuhan-perikanan-lkim-tok-bali-pasir-puteh-kelantan-2,berita/sebut-harga,https://www.lkim.gov.my/en/cadangan-pemasangan-dan-penyelengaraan-2-unit-motor-dan-1-unit-submersible-pump-di-rumah-pam-serta-kerja-kerja-berkaitan-di-pelabuhan-perikanan-lkim-tok-bali-pasir-puteh-kelantan-2/
11130,post,sebut-harga-bagi-perkhidmatan-penyelenggaraan-empat-4-buah-chiller-dan-empat-4-buah-cooling-tower-untuk-sistem-penghawa-dingin-berpusat-serta-kerja-kerja-berkaitan-di-bangunan-wisma-lembaga-kemaju,berita/sebut-harga,https://www.lkim.gov.my/en/sebut-harga-bagi-perkhidmatan-penyelenggaraan-empat-4-buah-chiller-dan-empat-4-buah-cooling-tower-untuk-sistem-penghawa-dingin-berpusat-serta-kerja-kerja-berkaitan-di-bangunan-wisma-lembaga-kemaju/
10804,post,membekal-menghantar-pakaian-seragam-kain-ela-dan-aksesori-tambahan-bagi-pengawal-keselamatan-pemandu-kenderaan-serta-pembantu-operasi-di-ibu-pejabat-lkim-lkim-seluruh-negeri-lkimsb4-2021,berita/tender,https://www.lkim.gov.my/en/membekal-menghantar-pakaian-seragam-kain-ela-dan-aksesori-tambahan-bagi-pengawal-keselamatan-pemandu-kenderaan-serta-pembantu-operasi-di-ibu-pejabat-lkim-lkim-seluruh-negeri-lkimsb4-2021/
10798,post,sebutharga-untuk-cadangan-kerja-kerja-membina-dan-menyiapkan-jeti-sungai-belanak-serta-kerja-kerja-berkaitan-di-kampung-bukit-kecil-seberang-perai-tengah-pulau-pinangpanggilan-semula,berita/pengumuman,https://www.lkim.gov.my/en/sebutharga-untuk-cadangan-kerja-kerja-membina-dan-menyiapkan-jeti-sungai-belanak-serta-kerja-kerja-berkaitan-di-kampung-bukit-kecil-seberang-perai-tengah-pulau-pinangpanggilan-semula/
9214,post,quotation-for-the-supply-and-installation-of-53-units-of-led-flat-monitor-one-unit-of-projector-and-audio-wiring-works-in-lkim-tuna-meeting-room-lkims12-2020,berita/sebut-harga,https://www.lkim.gov.my/en/quotation-for-the-supply-and-installation-of-53-units-of-led-flat-monitor-one-unit-of-projector-and-audio-wiring-works-in-lkim-tuna-meeting-room-lkims12-2020/
9212,post,quotation-for-lkim-staff-scuba-diving-course-services-for-the-new-diving-team-lkims22-2020,arkib/arkib-sebut-harga,https://www.lkim.gov.my/en/quotation-for-lkim-staff-scuba-diving-course-services-for-the-new-diving-team-lkims22-2020/
9210,post,tender-for-management-and-control-system-development-for-the-fisheries-development-authority-of-malaysia-complex-lkimt2-2020,berita/tender,https://www.lkim.gov.my/en/tender-for-management-and-control-system-development-for-the-fisheries-development-authority-of-malaysia-complex-lkimt2-2020/
9054,post,quotation-for-works-to-develop-supply-and-upgrade-the-asset-management-system-spa-store-management-system-sps-and-integration-between-saga-and-spa-in-lkim-lkim-s17-2020-1-re-invitation-2,arkib/arkib-pengumuman,https://www.lkim.gov.my/en/quotation-for-works-to-develop-supply-and-upgrade-the-asset-management-system-spa-store-management-system-sps-and-integration-between-saga-and-spa-in-lkim-lkim-s17-2020-1-re-invitation-2/
9052,post,quotation-for-works-to-develop-supply-and-upgrade-the-asset-management-system-spa-store-management-system-sps-and-integration-between-saga-and-spa-in-lkim-lkim-s17-2020-1-re-invitation,lain-lain,https://www.lkim.gov.my/en/quotation-for-works-to-develop-supply-and-upgrade-the-asset-management-system-spa-store-management-system-sps-and-integration-between-saga-and-spa-in-lkim-lkim-s17-2020-1-re-invitation/
8999,post,program-caruman-skim-keselamatan-sosial-pekerjaan-sendiri-sksps-bagi-nelayan-berdaftar-di-bawah-lembaga-kemajuan-ikan-malaysia-2,arkib/arkib-pengumuman,https://www.lkim.gov.my/en/program-caruman-skim-keselamatan-sosial-pekerjaan-sendiri-sksps-bagi-nelayan-berdaftar-di-bawah-lembaga-kemajuan-ikan-malaysia-2/
8120,post,advertisement-for-lkim-contract-vacancies-sabah-and-sarawak,arkib/arkib-berita,https://www.lkim.gov.my/en/advertisement-for-lkim-contract-vacancies-sabah-and-sarawak/
8118,post,proposed-upgrade-of-premises-for-entrepreneurs-under-the-change-upgrade-product-program-cup-suhelmy-azhar-bin-said-at-the-cenderawasih-food-crackers-factory-cherating-kuantan-pahang-lkim-cs1,arkib/arkib-pengumuman,https://www.lkim.gov.my/en/proposed-upgrade-of-premises-for-entrepreneurs-under-the-change-upgrade-product-program-cup-suhelmy-azhar-bin-said-at-the-cenderawasih-food-crackers-factory-cherating-kuantan-pahang-lkim-cs1/
8116,post,vacancy-company-manager-lkim-staff-only,arkib/arkib-berita,https://www.lkim.gov.my/en/vacancy-company-manager-lkim-staff-only/
8114,post,quotation-for-the-design-printing-and-supply-works-of-the-lkim-annual-report-and-financial-year-book-2018-lkimsb9-2019,arkib/arkib-pengumuman,https://www.lkim.gov.my/en/quotation-for-the-design-printing-and-supply-works-of-the-lkim-annual-report-and-financial-year-book-2018-lkimsb9-2019/
8112,post,lkim-program-august-2019,arkib/arkib-pengumuman,https://www.lkim.gov.my/en/lkim-program-august-2019/
7689,post,world-shrimp-conference-and-exposition-2,arkib/arkib-pengumuman,https://www.lkim.gov.my/en/world-shrimp-conference-and-exposition-2/
7939,post,quotation-for-the-sale-of-used-cars-proton-waja-wlk-8944-lkims28-2019,arkib/arkib-sebut-harga,https://www.lkim.gov.my/en/quotation-for-the-sale-of-used-cars-proton-waja-wlk-8944-lkims28-2019/
7921,post,quotation-for-the-proposed-supply-installation-and-testing-of-equipment-and-related-operations-for-the-teluk-bahang-pnk-caged-fish-farming-hatchery-project-in-pantai-kamloon-kepala-batas-penang-lk,arkib/arkib-sebut-harga,https://www.lkim.gov.my/en/quotation-for-the-proposed-supply-installation-and-testing-of-equipment-and-related-operations-for-the-teluk-bahang-pnk-caged-fish-farming-hatchery-project-in-pantai-kamloon-kepala-batas-penang-lk/
7918,post,quotation-for-the-proposed-supply-and-installation-of-mussel-larvae-and-related-equipment-for-the-seberang-perai-pnk-mussel-farming-in-the-waters-of-pulau-aman-south-seberang-perai-penang,arkib/arkib-sebut-harga,https://www.lkim.gov.my/en/quotation-for-the-proposed-supply-and-installation-of-mussel-larvae-and-related-equipment-for-the-seberang-perai-pnk-mussel-farming-in-the-waters-of-pulau-aman-south-seberang-perai-penang/
7027,post,sukatan-peperiksaan-khas-peningkatan-secara-lantikan-psl-ke-skim-kumpulan-sokongan-1-gred-29-di-lembaga-kemajuan-ikan-malaysia,lain-lain,https://www.lkim.gov.my/en/sukatan-peperiksaan-khas-peningkatan-secara-lantikan-psl-ke-skim-kumpulan-sokongan-1-gred-29-di-lembaga-kemajuan-ikan-malaysia/
7022,post,sukatan-peperiksaan-khas-peningkatan-secara-lantikan-psl-ke-skim-kumpulan-pengurusan-dan-profesional-di-lembaga-kemajuan-ikan-malaysia,lain-lain,https://www.lkim.gov.my/en/sukatan-peperiksaan-khas-peningkatan-secara-lantikan-psl-ke-skim-kumpulan-pengurusan-dan-profesional-di-lembaga-kemajuan-ikan-malaysia/
7017,post,sukatan-peperiksaan-perkhidmatan-kumpulan-pengurusan-dan-profesional-dan-kumpulan-sokongan-i-di-lembaga-kemajuan-ikan-malaysia,lain-lain,https://www.lkim.gov.my/en/sukatan-peperiksaan-perkhidmatan-kumpulan-pengurusan-dan-profesional-dan-kumpulan-sokongan-i-di-lembaga-kemajuan-ikan-malaysia/
6814,post,sebutharga-bagi-cadangan-kerja-kerja-membaikpulih-sistem-pencegahan-kebakaran-serta-kerja-kerja-yang-berkaitan-di-ibu-pejabat-lembaga-kemajuan-ikan-malaysia-wisma-lkim-jalan-desaria-pulau-meranti-p,arkib/arkib-berita,https://www.lkim.gov.my/en/sebutharga-bagi-cadangan-kerja-kerja-membaikpulih-sistem-pencegahan-kebakaran-serta-kerja-kerja-yang-berkaitan-di-ibu-pejabat-lembaga-kemajuan-ikan-malaysia-wisma-lkim-jalan-desaria-pulau-meranti-p/
2532,post,kerian-bakal-hab-ternakan-ikan-ketutu,berita/berita-terkini,https://www.lkim.gov.my/en/kerian-bakal-hab-ternakan-ikan-ketutu/
2530,post,tambak-laut-tidak-jejas-hasil-tangkapan-nelayan,berita/berita-terkini,https://www.lkim.gov.my/en/tambak-laut-tidak-jejas-hasil-tangkapan-nelayan/
2527,post,pesta-air-tradisional-kuala-perlis-dijangka-tarik-5000-pengunjung,berita/berita-terkini,https://www.lkim.gov.my/en/pesta-air-tradisional-kuala-perlis-dijangka-tarik-5000-pengunjung/
2472,post,integrity-reminder,arkib/arkib-berita,https://www.lkim.gov.my/en/integrity-reminder/
2470,post,the-agriculture-flagship-project-agf,arkib/arkib-berita,https://www.lkim.gov.my/en/the-agriculture-flagship-project-agf/
2468,post,application-myhrmis-leave,arkib/arkib-berita,https://www.lkim.gov.my/en/application-myhrmis-leave/
2466,post,notice-on-change-of-lkim-motto-in-official-letter,arkib/arkib-pengumuman,https://www.lkim.gov.my/en/notice-on-change-of-lkim-motto-in-official-letter/
2463,post,asset-declaration-in-the-hrmis-system,arkib/arkib-pengumuman,https://www.lkim.gov.my/en/asset-declaration-in-the-hrmis-system/
2461,post,links-related-to-telephone-numbers-of-general-managers-of-state-and-regional-fishermen-associations,arkib/arkib-pengumuman,https://www.lkim.gov.my/en/links-related-to-telephone-numbers-of-general-managers-of-state-and-regional-fishermen-associations/
2446,post,incubator-virtualization-model-ivm,arkib/arkib-pengumuman,https://www.lkim.gov.my/en/incubator-virtualization-model-ivm/
1027,post,integrity-reminder-prohibition-on-political-involvement-for-top-management-group-officers-as-well-as-management-and-professional-group-officers,lain-lain,https://www.lkim.gov.my/en/integrity-reminder-prohibition-on-political-involvement-for-top-management-group-officers-as-well-as-management-and-professional-group-officers/
1020,post,malaysian-agricultural-invention-show-magis-2015,arkib/arkib-pengumuman,https://www.lkim.gov.my/en/malaysian-agricultural-invention-show-magis-2015/
985,post,rm5-juta-bantu-keluarga-miskin-tegar-di-bachok,berita/berita-terkini,https://www.lkim.gov.my/en/rm5-juta-bantu-keluarga-miskin-tegar-di-bachok/
979,post,pengorbanan-demi-sesuap-nasi,berita/berita-terkini,https://www.lkim.gov.my/en/pengorbanan-demi-sesuap-nasi/
971,post,nelayan-diingat-baharui-kad-sara-hidup,berita/berita-terkini,https://www.lkim.gov.my/en/nelayan-diingat-baharui-kad-sara-hidup/
820,post,latest-news,berita/berita-terkini,https://www.lkim.gov.my/en/latest-news/
813,post,announcement,arkib/arkib-pengumuman,https://www.lkim.gov.my/en/announcement/
