type,wp_id,slug,url
page,15603,bahagian-kejuruteraan-2,https://www.lkim.gov.my/wp-content/uploads/2022/09/caarta-kejuteraan-4-1024x521.jpg
page,12069,general,https://www.lkim.gov.my/en/client-charter/
page,12069,general,https://lkim.gov.my/direktori-kakitangan/
page,12069,general,https://lkim.gov.my/dtsa/
page,11598,home-3,https://www.lkim.gov.my/jawatan-kosong-lkim-3/
page,11598,home-3,https://www.lkim.gov.my/jawatan-kosong-lkim-3/
page,11598,home-3,https://www.lkim.gov.my/sebutharga-lkim-ibu-pejabat-lkims24-2026-sebut-harga-pemantauan-harga-ikan-lkim-peringkat-pasar-borong-dan-runcit/
page,11598,home-3,https://www.lkim.gov.my/sebutharga-lkim-ibu-pejabat-lkims24-2026-sebut-harga-pemantauan-harga-ikan-lkim-peringkat-pasar-borong-dan-runcit/
page,11598,home-3,https://www.lkim.gov.my/iklan-pengambilan-mypersonel/
page,11598,home-3,https://www.lkim.gov.my/iklan-pengambilan-mypersonel/
page,11598,home-3,https://www.lkim.gov.my/tawaran-penyewaan-projek-agropelancongan-rumah-rakit-dan-ekopelancongan-kuala-jarum-mas-perak/
page,11598,home-3,https://www.lkim.gov.my/tawaran-penyewaan-projek-agropelancongan-rumah-rakit-dan-ekopelancongan-kuala-jarum-mas-perak/
page,11598,home-3,https://www.lkim.gov.my/jawatan-kosong-2/
page,11598,home-3,https://www.lkim.gov.my/jawatan-kosong-2/
page,11598,home-3,https://www.lkim.gov.my/sebutharga-lkim-ibu-pejabatlkims20-2026-sebut-harga-perkhidmatan-pengurusan-dan-pelaksanaan-aktiviti-di-pavilion-malaysia-fish-seafood-exposition-myse-dan-lain-lain-perkhidmatan-berkaitan-di-d/
page,11598,home-3,https://www.lkim.gov.my/sebutharga-lkim-ibu-pejabatlkims20-2026-sebut-harga-perkhidmatan-pengurusan-dan-pelaksanaan-aktiviti-di-pavilion-malaysia-fish-seafood-exposition-myse-dan-lain-lain-perkhidmatan-berkaitan-di-d/
page,11598,home-3,https://www.lkim.gov.my/intranet
page,10940,home-2,https://www.lkim.gov.my/jawatan-kosong-lkim-3/
page,10940,home-2,https://www.lkim.gov.my/sebutharga-lkim-ibu-pejabat-lkims24-2026-sebut-harga-pemantauan-harga-ikan-lkim-peringkat-pasar-borong-dan-runcit/
page,10940,home-2,https://www.lkim.gov.my/iklan-pengambilan-mypersonel/
page,10940,home-2,https://www.lkim.gov.my/tawaran-penyewaan-projek-agropelancongan-rumah-rakit-dan-ekopelancongan-kuala-jarum-mas-perak/
page,10940,home-2,https://www.lkim.gov.my/jawatan-kosong-2/
page,10912,home,https://www.lkim.gov.my/jawatan-kosong-lkim-3/
page,10912,home,https://www.lkim.gov.my/sebutharga-lkim-ibu-pejabat-lkims24-2026-sebut-harga-pemantauan-harga-ikan-lkim-peringkat-pasar-borong-dan-runcit/
page,10912,home,https://www.lkim.gov.my/iklan-pengambilan-mypersonel/
page,10912,home,https://www.lkim.gov.my/tawaran-penyewaan-projek-agropelancongan-rumah-rakit-dan-ekopelancongan-kuala-jarum-mas-perak/
page,10912,home,https://www.lkim.gov.my/jawatan-kosong-2/
page,1267,fish-landing-regulatory-division,http://www.lkim.gov.my/html/themes/moa_lkm/images/moa_lkm/new/content/kawalselia/LKIM_EU_01_Form_Appendix2.pdf
page,1267,fish-landing-regulatory-division,http://www.lkim.gov.my/image/image_gallery?uuid=b846d79e-9982-4ffd-8fd5-5e68ccf6e923&groupId=81477&t=1306478919500
page,1267,fish-landing-regulatory-division,http://www.lkim.gov.my/html/themes/moa_lkm/images/moa_lkm/new/content/kawalselia/A-Guide-For-Documentation-of-SOP-Dec-2009.pdf
page,1267,fish-landing-regulatory-division,http://www.lkim.gov.my/image/image_gallery?uuid=b846d79e-9982-4ffd-8fd5-5e68ccf6e923&groupId=81477&t=1306478919500
page,1267,fish-landing-regulatory-division,http://www.lkim.gov.my/html/themes/moa_lkm/images/moa_lkm/new/content/kawalselia/SOP-Verifikasi.pdf
page,1267,fish-landing-regulatory-division,http://www.lkim.gov.my/image/image_gallery?uuid=b846d79e-9982-4ffd-8fd5-5e68ccf6e923&groupId=81477&t=1306478919500
page,1267,fish-landing-regulatory-division,http://www.lkim.gov.my/html/themes/moa_lkm/images/moa_lkm/new/content/kawalselia/Borang-Pendaftaran-Jeti.pdf
page,1267,fish-landing-regulatory-division,http://www.lkim.gov.my/image/image_gallery?uuid=b846d79e-9982-4ffd-8fd5-5e68ccf6e923&groupId=81477&t=1306478919500
page,1267,fish-landing-regulatory-division,http://www.lkim.gov.my/html/themes/moa_lkm/images/moa_lkm/new/content/kawalselia/Borang-Permohonan-Pengiktirafan.pdf
page,1267,fish-landing-regulatory-division,http://www.lkim.gov.my/image/image_gallery?uuid=b846d79e-9982-4ffd-8fd5-5e68ccf6e923&groupId=81477&t=1306478919500
page,1267,fish-landing-regulatory-division,http://www.lkim.gov.my/html/themes/moa_lkm/images/moa_lkm/new/content/kawalselia/A-Guide-For-Documentation-of-SOP-Dec-2009.pdf
page,1267,fish-landing-regulatory-division,http://www.lkim.gov.my/image/image_gallery?uuid=b846d79e-9982-4ffd-8fd5-5e68ccf6e923&groupId=81477&t=1306478919500
page,1267,fish-landing-regulatory-division,http://www.lkim.gov.my/html/themes/moa_lkm/images/moa_lkm/new/content/kawalselia/A-Guide-To-The-EU-Compliance-of-Fish-Landing-Site.pdf
page,1267,fish-landing-regulatory-division,http://www.lkim.gov.my/image/image_gallery?uuid=b846d79e-9982-4ffd-8fd5-5e68ccf6e923&groupId=81477&t=1306478919500
page,1267,fish-landing-regulatory-division,http://www.lkim.gov.my/html/themes/moa_lkm/images/moa_lkm/new/content/kawalselia/SOP-Verifikasi.pdf
page,1267,fish-landing-regulatory-division,http://www.lkim.gov.my/image/image_gallery?uuid=b846d79e-9982-4ffd-8fd5-5e68ccf6e923&groupId=81477&t=1306478919500
page,1267,fish-landing-regulatory-division,http://www.lkim.gov.my/html/themes/moa_lkm/images/moa_lkm/new/content/kawalselia/SOP-Water-Ice.pdf
page,1267,fish-landing-regulatory-division,http://www.lkim.gov.my/image/image_gallery?uuid=b846d79e-9982-4ffd-8fd5-5e68ccf6e923&groupId=81477&t=1306478919500
page,1267,fish-landing-regulatory-division,http://www.lkim.gov.my/html/themes/moa_lkm/images/moa_lkm/new/content/kawalselia/SOP-Organoleptic-Check-9-April2010.pdf
page,1267,fish-landing-regulatory-division,http://www.lkim.gov.my/image/image_gallery?uuid=b846d79e-9982-4ffd-8fd5-5e68ccf6e923&groupId=81477&t=1306478919500
page,1267,fish-landing-regulatory-division,http://www.lkim.gov.my/html/themes/moa_lkm/images/moa_lkm/new/content/kawalselia/PU%28A%29103-104-105.pdf
page,1267,fish-landing-regulatory-division,http://www.lkim.gov.my/image/image_gallery?uuid=b846d79e-9982-4ffd-8fd5-5e68ccf6e923&groupId=81477&t=1306478919500
page,1267,fish-landing-regulatory-division,http://www.lkim.gov.my/html/themes/moa_lkm/images/moa_lkm/new/content/kawalselia/PU%28B%29171-172-2010.pdf
page,1267,fish-landing-regulatory-division,http://www.lkim.gov.my/image/image_gallery?uuid=b846d79e-9982-4ffd-8fd5-5e68ccf6e923&groupId=81477&t=1306478919500
page,1210,skim-bantuan-bencana-alam-kebajikan-nelayan,http://www.lkim.gov.my/
page,1204,community-development-and-fishermen-organisation,http://www.lkim.gov.my/282
page,911,quotation,https://www.lkim.gov.my/en/sebutharga-lkim-melakalkimms06-2026-sebut-harga-untuk-cadangan-membekal-memasang-menyediakan-tapak-melengkapkan-dan-mengujiterima-sistem-ternakan-udang-dalam-tangki-serta-kerja-kerja-berkaita/
page,911,quotation,https://www.lkim.gov.my/en/sebut-harga-lkim-bagi-perkhidmatan-penyewaan-peralatan-termasuk-pemasangan-merekabentuk-keseluruhan-hiasan-dan-kelengkapan-hub-informasi-program-mengoptimumkan-penggunaan-tanah-dengan-kerjasama-kera/
page,911,quotation,https://www.lkim.gov.my/en/proposed-construction-works-for-jetty-infrastructure-and-other-related-works-at-kampung-merang-setiu-terengganu/
page,911,quotation,https://www.lkim.gov.my/en/offer-for-quotation-on-the-sale-of-official-vehicle-of-lkim-office-nissan-x-trail-lkim-j-s2-2025-wvg-8375/
page,911,quotation,https://www.lkim.gov.my/en/quotation-for-the-sale-of-scrap-waste-for-the-disposal-of-moveable-asset-mobile-information-van-inokom-van-wky-5721/
page,911,quotation,https://www.lkim.gov.my/en/quotation-for-the-sale-of-used-vehicles-lkim-sabah/
page,911,quotation,https://www.lkim.gov.my/en/lkims1-2025-sebut-harga-lkim-bagi-membekal-membangun-menguji-dan-mentauliah-sistem-eklaim-lembaga-kemajuan-ikan-malaysia/
page,911,quotation,https://www.lkim.gov.my/en/proposed-works-to-upgrade-and-improve-facilities-at-the-fish-landing-jetty-and-related-works-at-the-kuala-bekah-fishing-jetty-penang/
page,911,quotation,https://www.lkim.gov.my/en/proposed-works-to-upgrade-the-fishermen-outlet-and-related-works-at-jalan-desaria-pulau-meranti-selangor/
page,911,quotation,https://www.lkim.gov.my/en/quotation-for-the-building-and-area-cleaning-services-for-a-period-of-1-year-at-the-fisheries-development-authority-of-malaysia-headquarters/
page,869,on-news-archive,http://www.lkim.gov.my/c/document_library/get_file?uuid=94c81e88-ffa5-4fc0-9cbd-f4fbfc974eb1&groupId=330109
page,869,on-news-archive,http://www.lkim.gov.my/c/document_library/get_file?uuid=04a48475-08ca-4fb1-a6e5-0c1af3a6474b&groupId=10124
page,869,on-news-archive,http://www.lkim.gov.my/c/document_library/get_file?uuid=331ec8d9-599b-487f-8ca2-965f657da664&groupId=10124
page,869,on-news-archive,http://www.lkim.gov.my/c/document_library/get_file?uuid=cb8e11ae-30a6-4dbe-8623-a0a4f14f4dfe&groupId=10124
page,869,on-news-archive,http://www.lkim.gov.my/c/document_library/get_file?uuid=bb2a0cc3-f0d0-4111-9edd-08f6bd530f86&groupId=10124
page,869,on-news-archive,http://www.lkim.gov.my/c/document_library/get_file?uuid=fd214fa2-321f-41bc-8673-853a7d8c454b&groupId=10124
page,869,on-news-archive,http://www.lkim.gov.my/c/document_library/get_file?uuid=4e94d7ff-869e-451c-b3d3-20be091c674f&groupId=10124
page,869,on-news-archive,http://www.lkim.gov.my/c/document_library/get_file?uuid=05eb27ab-b3f1-493c-b3ce-b40d248d542c&groupId=10124
page,869,on-news-archive,http://www.lkim.gov.my/c/document_library/get_file?uuid=f31ba78e-af93-4998-a07a-5595dc66f6df&groupId=10124
page,869,on-news-archive,http://www.lkim.gov.my/c/document_library/get_file?uuid=1eecf3d4-5bbe-4a1f-a169-54cf5ec89bcd&groupId=10124
page,869,on-news-archive,http://www.lkim.gov.my/c/document_library/get_file?uuid=a5883eba-dfb8-49c3-9ae5-813ec6817b47&groupId=10124
page,869,on-news-archive,http://www.lkim.gov.my/c/document_library/get_file?uuid=c4287a14-52f9-454f-8054-bb41beb113a2&groupId=10124
page,869,on-news-archive,http://www.lkim.gov.my/c/document_library/get_file?uuid=fb65f3a9-cb6b-484f-9ee3-b11edeca751b&groupId=10124
page,869,on-news-archive,http://www.lkim.gov.my/c/document_library/get_file?uuid=fb65f3a9-cb6b-484f-9ee3-b11edeca751b&groupId=10124
page,869,on-news-archive,http://www.lkim.gov.my/c/document_library/get_file?uuid=0b7883ca-e7bd-4d82-920f-e57107e2bf44&groupId=10124
page,869,on-news-archive,http://www.lkim.gov.my/c/document_library/get_file?uuid=c3638d83-1724-4e51-8d96-1b5019575692&groupId=10124
page,869,on-news-archive,http://www.lkim.gov.my/c/document_library/get_file?uuid=708fcbcc-fd2a-4bb8-b433-a3faa3107bc5&groupId=10124
page,869,on-news-archive,http://www.lkim.gov.my/c/document_library/get_file?uuid=1f03ab2d-1b4d-48bb-9bef-115f07953fa0&groupId=10124
page,869,on-news-archive,http://www.lkim.gov.my/c/document_library/get_file?uuid=0ff049ee-e4ca-4bc2-a5ae-caa73743e071&groupId=10124
page,869,on-news-archive,http://www.lkim.gov.my/c/document_library/get_file?uuid=bc310981-2b3e-4d4a-a876-8bf3d61cff0e&groupId=10124
page,869,on-news-archive,http://www.lkim.gov.my/c/document_library/get_file?uuid=0e5ebed1-673e-4cc4-baa3-083404f2d4b2&groupId=10124
page,869,on-news-archive,http://www.lkim.gov.my/c/document_library/get_file?uuid=b2f727a0-82cf-4ff6-a951-d81366c79ddc&groupId=10124
page,869,on-news-archive,http://www.lkim.gov.my/c/document_library/get_file?uuid=f54192c5-988d-4a4a-974a-bc1ce8f2c415&groupId=10124
page,869,on-news-archive,http://www.lkim.gov.my/c/document_library/get_file?uuid=042fbc53-1d47-4fa1-998f-a7ae4f07effa&groupId=10124
page,869,on-news-archive,http://www.lkim.gov.my/c/document_library/get_file?uuid=dc831d77-9e61-4649-8186-44065ebd2d45&groupId=10124
page,869,on-news-archive,http://www.lkim.gov.my/c/document_library/get_file?uuid=49c4e918-f25d-4be3-8fd3-e33a2d147aee&groupId=10124
page,869,on-news-archive,http://www.lkim.gov.my/c/document_library/get_file?uuid=783998e0-8e37-4c2c-af97-fe438c89a145&groupId=10124
page,869,on-news-archive,http://www.lkim.gov.my/c/document_library/get_file?uuid=04a48475-08ca-4fb1-a6e5-0c1af3a6474b&groupId=10124
page,869,on-news-archive,http://www.lkim.gov.my/c/document_library/get_file?uuid=2e61ba04-a694-4666-a5e5-79e5a4234303&groupId=10124
page,869,on-news-archive,http://www.lkim.gov.my/c/document_library/get_file?uuid=a23e754e-b970-4583-8a82-2c2e7e15e608&groupId=10124
page,869,on-news-archive,http://www.lkim.gov.my/c/document_library/get_file?uuid=145adffe-f0fb-4fbe-9c01-19aff9bf441c&groupId=10124
page,869,on-news-archive,http://www.lkim.gov.my/c/document_library/get_file?uuid=f843c0fc-d550-407e-ad5a-de8816b0463e&groupId=10124
page,869,on-news-archive,http://www.lkim.gov.my/c/document_library/get_file?uuid=38f2d8dc-6d82-4c0b-8328-948763c12b12&groupId=10124
page,869,on-news-archive,http://www.lkim.gov.my/c/document_library/get_file?uuid=dbbed74b-d217-4ac8-bbd3-21637fc9bb79&groupId=10124
page,869,on-news-archive,http://www.lkim.gov.my/c/document_library/get_file?uuid=7b4a7464-6b56-403a-91ad-c1905698fd4f&groupId=10124
page,869,on-news-archive,http://www.lkim.gov.my/c/document_library/get_file?uuid=a4076ea1-7d48-4904-bbad-48eae234edaf&groupId=10124
page,869,on-news-archive,http://www.lkim.gov.my/c/document_library/get_file?uuid=c336b1c0-3c37-4b92-a09a-c4f1b30ed1b1&groupId=10124
page,869,on-news-archive,http://www.lkim.gov.my/c/document_library/get_file?uuid=40b2ead1-d9a9-45cd-a694-adb893266570&groupId=10124
page,869,on-news-archive,http://www.lkim.gov.my/c/document_library/get_file?uuid=c973d58c-6b8a-4b2e-8270-63b810409120&groupId=10124
page,869,on-news-archive,http://www.lkim.gov.my/c/document_library/get_file?uuid=ecd45866-550c-49d9-a918-4f12e43cb159&groupId=10124
page,869,on-news-archive,http://www.lkim.gov.my/c/document_library/get_file?uuid=175452b2-1ccd-4368-8859-a44bdb071bd0&groupId=10124
page,869,on-news-archive,http://www.lkim.gov.my/c/document_library/get_file?uuid=ee91664a-3c37-41e9-9356-03eda7602ac5&groupId=10124
page,869,on-news-archive,http://www.lkim.gov.my/c/document_library/get_file?uuid=fd736bea-a957-4060-a304-4c8d6426e2ef&groupId=10124
page,2,sample-page,http://www.lkim.gov.my/wp-admin/
post,8118,proposed-upgrade-of-premises-for-entrepreneurs-under-the-change-upgrade-product-program-cup-suhelmy-azhar-bin-said-at-the-cenderawasih-food-crackers-factory-cherating-kuantan-pahang-lkim-cs1,http://www.lkim.gov.my/wp-content/uploads/2019/08/KenyataanSebuthargaS142019.pdf
post,7027,sukatan-peperiksaan-khas-peningkatan-secara-lantikan-psl-ke-skim-kumpulan-sokongan-1-gred-29-di-lembaga-kemajuan-ikan-malaysia,http://www.lkim.gov.my/en/2018/11/02/sukatan-peperiksaan-khas-peningkatan-secara-lantikan-psl-ke-skim-kumpulan-sokongan-1-gred-29-di-lembaga-kemajuan-ikan-malaysia/pindaan-sukatan-2018-psl-c-ke-b/
post,7022,sukatan-peperiksaan-khas-peningkatan-secara-lantikan-psl-ke-skim-kumpulan-pengurusan-dan-profesional-di-lembaga-kemajuan-ikan-malaysia,http://www.lkim.gov.my/en/2018/11/02/sukatan-peperiksaan-khas-peningkatan-secara-lantikan-psl-ke-skim-kumpulan-pengurusan-dan-profesional-di-lembaga-kemajuan-ikan-malaysia/pindaan-sukatan-2018-psl-b-ke-a/
post,7017,sukatan-peperiksaan-perkhidmatan-kumpulan-pengurusan-dan-profesional-dan-kumpulan-sokongan-i-di-lembaga-kemajuan-ikan-malaysia,http://www.lkim.gov.my/en/2018/11/02/sukatan-peperiksaan-perkhidmatan-kumpulan-pengurusan-dan-profesional-dan-kumpulan-sokongan-i-di-lembaga-kemajuan-ikan-malaysia/pindaan-sukatan-2018-perkhidmatan-29-41/
