ms_wp_id,ms_slug,ms_type,en_wp_id,en_slug,en_type
17648,restoran-2,page,17654,restaurant,page
17632,medan-ikan-bakar-mib-2,page,17638,medan-ikan-bakarmib,page
17616,chalet-nelayan-2,page,17622,nelayan-chalet,page
17598,pusat-latihan-camar-laut,page,17607,camar-laut-training-centre,page
17580,pembangunan-perikanan-laut-dalam-2,page,17586,marine-fisheries-development,page
17564,pembangunan-usahawan-bimbingan-pub-2,page,17570,mentoring-entrepreneur-development-programme-pub,page
17546,geran-padanan-2,page,17552,matching-grant,page
17531,agropreneur-muda-2,page,17537,young-agropreneur,page
17513,pembangunan-perniagaan-2,page,17519,business-development,page
17488,fishpro-3,page,17504,fishpro-4,page
17468,pusat-pemprosesan-hasil-perikanan-2,page,17474,fisheries-product-processing-centre,page
17441,operasi-pemantauan-dan-penguatkuasaan-2,page,17447,monitoring-and-enforcement-operations,page
17426,pengawasan-kualiti-rantaian-perikanan-domestik-2,page,17432,domestic-fisheries-chain-quality-surveillance,page
17404,pendaftaran-dan-sijil-kebenaran-jeti-pendaratan-ikan-persendirian-2,page,17411,registration-and-permits-on-fish-landing-jetties-private,page
17387,pengawasan-kualiti-tempat-pendaratan-ikan-bagi-pengeksportan-ikan-ke-kesatuan-eropah-2,page,17394,quality-surveillance-of-fish-landing-sites-for-fish-export-to-the-european-union,page
17368,pengiktirafan-tempat-pendaratan-ikan-2,page,17374,recognition-of-fish-landing-sites,page
15156,sekatan-eksport-sempena-musim-perayaan,page,13519,womens-fisherman-group,page
15131,pengiktirafan-tempat-pendaratan-ikan,page,13519,womens-fisherman-group,page
15119,pusat-pusat-pemeriksaan-ikan-2,page,13519,womens-fisherman-group,page
15104,kompleks-labuhan-perikanan-lkim,page,13519,womens-fisherman-group,page
16808,kemudahan-bilik-sejuk-2,page,16814,cold-storage-room-facility,page
16790,jeti-pendaratan-ikan-3,page,16796,fish-landing-jetty,page
16775,kompleks-atau-labuhan-perikanan-lkim,page,16781,lkim-fisheries-complex-or-port,page
16754,program-qfish-2,page,16763,qfish-programme,page
13735,dana-nelayan,page,19218,fishermens-fund,page
13457,pusat-pengumpulan-dan-pengedaran-ccdc,page,13538,collection-center-and-distribution-center,page
13361,peta-lokasi,page,13388,location-maps,page
12324,carta-organisasi-lkim-ibu-pejabat-2,page,1085,carta-organisasi,page
16739,pusat-pengumpulan-dan-pengedaran-ikan-ccdc,page,16745,fish-collection-distribution-centre-ccdc,page
16698,pasar-nelayan-5,page,16714,fishermans-market,page
16649,projek-khas-perumahan-nelayan-2,page,16655,fishermens-housing-special-project,page
16630,skim-bantuan-bencana-alam-dan-kebajikan-nelayan-2,page,16636,natural-disaster-relief-and-fishermens-welfare-scheme-2,page
16614,skim-keselamatan-sosial-pekerjaan-sendiri-sksps,page,16620,the-self-employed-social-security-scheme-sksps,page
16543,pembangunan-akuakultur-3,page,16549,aquaculture-development-2,page
16524,sokongan-dan-bantuan-kepada-kumpulan-nelayan-2,page,16530,natural-disaster-relief-and-fishermens-welfare-scheme,page
16500,kumpulan-keselamatan-nelayan-kesan,page,16506,fishermens-safety-group-kesan,page
16484,kumpulan-belia-nelayan-kubena,page,16490,fishermens-youth-group-kubena-2,page
16460,kumpulan-wanita-nelayan-kunita,page,16466,fishermens-wives-group-kunita,page
12182,laporan-harga-ikan-2,page,12195,fish-price-report,page
12139,penerbitan,page,12165,publication,page
12124,keluarga-lkim,page,12137,lkim-family,page
12081,persatuan-nelayan,page,12122,fishermens-association,page
12028,maklumat-korporat,page,19202,corporate-information,page
1092,ahli-ahli-jemaah-lembaga,page,1094,board-of-directors,page
29,perutusan-ketua-pengarah,page,37,director-generals-speech,page
5929,profil-menteri,page,5940,minister-profile,page
2519,direktori-kakitangan,page,9231,staff-directory,page
1280,persatuan-persatuan-nelayan,page,1283,fishermen-associations,page
1276,pejabat-lkim-negeri,page,1278,lkim-state-office,page
1257,bahagian-pengurusan-maklumat,page,1262,information-management-division,page
1167,bantuan,page,1169,help,page
1163,peta-laman,page,1165,sitemap,page
1137,pautan,page,1160,links,page
1101,bahagian-bahagian-ibu-pejabat,page,1406,headquarters-divisions,page
1096,pengurusan-atasan,page,1099,senior-management,page
1011,soalan-lazim,page,1016,frequently-asked-questions,page
1004,hubungi-kami,page,1008,contact-us,page
956,dasar-keselamatan-ict,page,960,ict-security-policy,page
952,penafian,page,954,disclaimer,page
948,dasar-privasi,page,950,privacy-policy,page
942,terma-syarat,page,945,terms-conditions,page
914,tender-2,page,918,tender,page
368,muat-turun,page,388,download,page
211,akta,page,219,act,page
76,petunjuk-prestasi-utama-kpi-lkim,page,85,lkim-key-performance-indicator-kpi,page
63,tafsir-logo,page,67,logo-definition,page
59,piagam-pelanggan,page,61,client-charter,page
52,visi-misi-objektif-fungsi,page,57,vision-mission-objectives,page
48,latar-belakang,page,50,background,page
46,perutusan-pendaftar-2,page,12383,registrars-speech,page
21,perutusan-pengerusi,page,26,chairmans-speech,page
5639,laporan-harga-ikan,post,226,fish-market-price-report,page
1190,bahagian-perancangan-dan-pembangunan,page,1195,planning-and-development-division,page
179,perkhidmatan-dalam-talian,page,196,online-services,page
