wp_id,url,http,error
5166,https://www.lkim.gov.my/wp-content/uploads/2016/12/01.jpg,404,"The requested URL returned error: 404"
2411,https://www.lkim.gov.my/wp-content/uploads/2015/11/CARTA-ORGANISASI.pdf,404,"The requested URL returned error: 404"
2412,https://www.lkim.gov.my/wp-content/uploads/2015/11/CARTA-ORGANISASI.pdf,404,"The requested URL returned error: 404"
8049,https://www.lkim.gov.my/wp-content/uploads/2019/08/Carta-Organisasi-LKIM-Terbaru_1.pdf,404,"The requested URL returned error: 404"
8197,https://www.lkim.gov.my/wp-content/uploads/2019/09/KENYATAANTAWARAN.pdf,404,"The requested URL returned error: 404"
8253,https://www.lkim.gov.my/wp-content/uploads/2019/10/KENYATAANTAWARAN.pdf,404,"The requested URL returned error: 404"
3599,https://www.lkim.gov.my/wp-content/uploads/2016/07/maklumat-persidangan-kebangsaan.jpg,200,
5165,https://www.lkim.gov.my/wp-content/uploads/2016/12/01.jpg,404,"The requested URL returned error: 404"
3598,https://www.lkim.gov.my/wp-content/uploads/2016/07/maklumat-persidangan-kebangsaan.jpg,200,
10908,https://www.lkim.gov.my/wp-content/uploads/2021/09/SENARAI-JURUAUDIT-YANG-BERDAFTAR-DENGAN-PEJABAT-PENDAFTAR-PERSATUAN-NELAYAN-TAHUN-2021.pdf,404,"The requested URL returned error: 404"
