menu_id,title,key
214,Carian,cari
160,Agrotourism,perkhidmatan/agrotourism
125,KUBENA,perkhidmatan/kumpulan-wanita-nelayan/kumpulan-belia-nelayan-kubena
124,KUNITA,perkhidmatan/kumpulan-wanita-nelayan/kumpulan-wanita-nelayan-kunita
144,"Pendaratan Ikan di Kompleks / Labuhan Perikanan LKIM",perkhidmatan/pembangunan-infrastruktur/pendaratan-ikan-di-kompleks-labuhan-perikanan-lkim
143,"Pusat-Pusat Pemeriksaan Ikan",perkhidmatan/pembangunan-infrastruktur/pusat-pusat-pemeriksaan-ikan-2
151,"Sekatan Eksport Sempena Musim Perayaan",perkhidmatan/kawalselia-pendaratan-ikan-dan-penguatkuasaan/sekatan-eksport-sempena-musim-perayaan
154,Fishpro,perkhidmatan/pembangunan-industri-asas-tani/fishpro-3
163,"Medan Ikan Bakar (MIB)",perkhidmatan/agrotourism/medan-ikan-bakar-mib-2
