type,wp_id,slug,category,joomla_id,body_bytes
page,19189,grilled-fish-food-court-2,lain-lain,907,5145
page,18024,training-calendar,lain-lain,908,629
page,16451,fishermens-youth-group-kubena,lain-lain,909,0
page,16673,agriculture-livelihood-programme,perkhidmatan/bantuan-masyarakat-nelayan,910,1779
page,15603,bahagian-kejuruteraan-2,lain-lain,911,2577
page,13521,qfish-en,lain-lain,912,2861
page,12069,general,lain-lain,913,1663
page,11598,home-3,lain-lain,914,6043
page,11355,lkim-direction,lain-lain,915,213
page,10940,home-2,lain-lain,916,67842
page,10912,home,lain-lain,917,69105
page,9219,buku-data-dan-statistik-lkim,lain-lain,918,210
page,9271,application-for-lkim-data-information,lain-lain,919,665
page,9274,public-sector-open-data,lain-lain,920,3904
page,2618,policy,lain-lain,921,393
page,2610,fish-inspection-centre,lain-lain,922,18383
page,2400,carta-organisasi-lkim-negeri-2,lain-lain,923,11256
page,1768,qr-code-help,lain-lain,924,899
page,1756,1akses,lain-lain,1062,139
page,1493,statistics-online-service,lain-lain,925,10102
page,1293,lkim-fish-inspection-centrecomplexes-2,lain-lain,926,6390
page,1289,general-managers-of-pnnpnk,lain-lain,927,4105
page,1267,fish-landing-regulatory-division,lain-lain,928,22633
page,1255,engineering-division,lain-lain,929,6070
page,1245,management-services-division,lain-lain,930,9583
page,1239,infrastructure-division,lain-lain,931,6694
page,1233,marketing-and-licensing-division,lain-lain,932,9582
page,1210,skim-bantuan-bencana-alam-kebajikan-nelayan,lain-lain,933,4918
page,1204,community-development-and-fishermen-organisation,lain-lain,934,15640
page,1188,legal-unit,lain-lain,935,6163
page,1142,gallery,lain-lain,936,0
page,1135,event-directory,lain-lain,937,0
page,1131,corporate-communications-division,lain-lain,938,3860
page,1116,internal-audit-unit,lain-lain,939,4180
page,1089,lkim-headquarters-organisation-chart,lain-lain,940,792
page,1061,perangkaan-agromakanan-2,lain-lain,941,404
page,1057,sendi,lain-lain,942,333
page,1033,other-languages,lain-lain,943,1610
page,1000,registry-of-fishermen-societies,lain-lain,944,22208
page,989,pejabat-pendaftar-persatuan-nelayan,lain-lain,945,6976
page,988,pejabat-pendaftar-persatuan-nelayan-2,lain-lain,946,142
page,911,quotation,lain-lain,947,4326
page,905,training-and-competency,lain-lain,948,3887
page,901,ptk-measurements,lain-lain,949,411
page,897,videolkim,lain-lain,950,244
page,891,quotation-archives,lain-lain,951,333
page,885,transfer-and-promotion-of-lkim-staff-archive,lain-lain,952,369
page,879,key-performance-indicator-kpi-archive,lain-lain,953,639
page,874,tender-archives,lain-lain,954,7440
page,869,on-news-archive,lain-lain,955,22422
page,865,events-archive,lain-lain,956,404
page,790,newsletter-integrity,lain-lain,957,390
page,785,lkim-bulletin,lain-lain,958,390
page,537,photo,lain-lain,959,404
page,366,fishermens-market,lain-lain,960,4357
page,358,grilled-fish-food-court,lain-lain,961,9414
page,330,lkim-fisheries-complexes,lain-lain,962,371
page,324,lkim-fish-inspection-centrecomplexes,lain-lain,963,6433
page,320,annual-report,lain-lain,964,377
page,201,agribazaar-the-advantages-of-online-agro-business,lain-lain,965,2394
page,168,ikan-rakyat-programme,lain-lain,966,418
page,161,fish-landing-jetty-regulator,lain-lain,967,16396
page,150,marketing-development,lain-lain,968,5046
page,137,infrastructure-development,lain-lain,969,1418
page,130,community-and-fishermen-organisation-development,lain-lain,970,2695
page,125,aquaculture-development,lain-lain,971,8049
page,104,agro-based-industry-development,lain-lain,972,801
page,74,act-49,lain-lain,973,523
page,13,profil,lain-lain,974,0
page,2,sample-page,lain-lain,975,992
post,23487,sebutharga-lkim-ibu-pejabatlkims10-2026-cadangan-menaiktaraf-pendawaian-elektrik-dan-lampu-dekoratif-d-laman-lkim-taman-ekspo-pertanian-malaysia-serdang-maeps-selangor,berita/pengumuman,976,294
post,23354,sebutharga-lkim-pulau-pinanglkimps01-2026-panggilan-semula-kali-ke-2-jualan-kenderaan-terpakai,berita/pengumuman,977,410
post,23330,sebutharga-lkim-melakalkimms06-2026-sebut-harga-untuk-cadangan-membekal-memasang-menyediakan-tapak-melengkapkan-dan-mengujiterima-sistem-ternakan-udang-dalam-tangki-serta-kerja-kerja-berkaita,berita/sebut-harga,978,399
post,23269,sebutharga-lkim-negeri-pulau-pinanglkimps04-2026sebutharga-untuk-perkhidmatan-pembekalan-peralatan-tabung-bencana-pertanian-tbp-lkim-negeri-pulau-pinang-tahun-2026,berita/pengumuman,979,284
post,22185,sebut-harga-lkim-bagi-perkhidmatan-penyewaan-peralatan-termasuk-pemasangan-merekabentuk-keseluruhan-hiasan-dan-kelengkapan-hub-informasi-program-mengoptimumkan-penggunaan-tanah-dengan-kerjasama-kera,berita/sebut-harga,980,161
post,21908,proposed-construction-works-for-jetty-infrastructure-and-other-related-works-at-kampung-merang-setiu-terengganu,berita/sebut-harga,981,187
post,21906,proposal-for-works-to-construct-deliver-transport-and-install-offshore-fish-farm-modules-lidl-for-lkim-under-the-restoration-programme-sogt-and-other-related-works-in-the-waters-of-papar-sabah,berita/pengumuman,982,0
post,21904,offer-for-quotation-on-the-sale-of-official-vehicle-of-lkim-office-nissan-x-trail-lkim-j-s2-2025-wvg-8375,berita/sebut-harga,983,513
post,21899,quotation-for-the-sale-of-scrap-waste-for-the-disposal-of-moveable-asset-mobile-information-van-inokom-van-wky-5721,berita/sebut-harga,984,439
post,21756,iklan-tawaran-penyewaan-tanah-dan-premis-projek-akuakultur-lkim,berita/pengumuman,985,479
post,21894,quotation-for-the-sale-of-used-vehicles-lkim-sabah,berita/sebut-harga,986,165
post,21509,lkims1-2025-sebut-harga-lkim-bagi-membekal-membangun-menguji-dan-mentauliah-sistem-eklaim-lembaga-kemajuan-ikan-malaysia,berita/sebut-harga,987,281
post,20181,quotation-offer-statement-for-the-sales-of-lkims-used-vehicles-lkim-j-s1-2024,berita/pengumuman,988,3345
post,20067,lkim-tender-notice-2023,berita/tender,989,3335
post,20034,proposed-works-to-upgrade-and-improve-facilities-at-the-fish-landing-jetty-and-related-works-at-the-kuala-bekah-fishing-jetty-penang,berita/sebut-harga,990,293
post,20031,proposed-works-to-upgrade-the-fishermen-outlet-and-related-works-at-jalan-desaria-pulau-meranti-selangor,berita/sebut-harga,991,318
post,20028,quotation-for-the-building-and-area-cleaning-services-for-a-period-of-1-year-at-the-fisheries-development-authority-of-malaysia-headquarters,berita/sebut-harga,992,336
post,19765,quotation-for-the-supply-and-distribution-of-lkims-official-diary-for-2024-and-other-related-work-for-the-malaysian-fisheries-development-authority-lkims19-2023,berita/sebut-harga,993,364
post,19550,price-list-of-tender-offers-lkim-t2-2023,berita/tender,994,218
post,19477,quotation-for-the-supply-delivery-installation-testing-and-commissioning-of-e-attendance-system-for-the-use-of-the-fisheries-development-authority-of-malaysia-lkims24-2023,berita/sebut-harga,995,371
post,19439,lkims18-2023-2,berita/sebut-harga,996,265
post,19436,lkims22-2023-2,berita/sebut-harga,997,231
post,19343,lkims202023,berita/sebut-harga,998,301
post,19339,membekal-dan-menghantar-kenderaan-pacuan-4-roda-4x4-dan-lori-4-8-tan-serta-aksesori-tambahan-untuk-kegunaan-lembaga-kemajuan-ikan-malaysia-lkimt3-2023,berita/tender,999,2909
post,19316,lkims162023,berita/sebut-harga,1000,382
post,19295,sebut-harga-pengendalian-kafeteria-di-ibu-pejabat-lembaga-kemajuan-ikan-malaysia-lkim-tahun-2023-2024-lkims17-2023,berita/sebut-harga,1001,240
post,19269,lkim-t2-2023,berita/tender,1002,330
post,19266,senarai-kontraktor-pembekal-bagi-sebut-harga-yang-telah-berjaya-sehingga-ogos-2023-peringkat-ibu-pejabat-lkim,berita/pengumuman,1003,292
post,19250,cadangan-kajian-geoteknikal-di-taman-pemperosesan-ikan-bersepadu-kifpp-kuantan-pahang-lkims15-2023,berita/sebut-harga,1004,276
post,19246,cadangan-kerja-kerja-menaiktaraf-jeti-pendaratan-ikan-serta-kerja-kerja-berkaitan-di-pengkalan-sungai-rambai-chuah-negeri-sembilan-lkims13-2023,berita/sebut-harga,1005,262
post,18814,tender-membekal-dan-menghantar-bekalan-makanan-ikan-kepada-pengusaha-akuakultur-di-negeri-johor-lkim-t1-dof-2023-2,berita/tender,1006,270
post,18463,bantuan-khas-kewangan-aidilfitri-tahun-2023-kepada-pesawah-dan-nelayan-2,arkib/arkib-pengumuman,1007,264
post,18188,quotation-for-the-supply-and-delivery-of-computer-stationery-supplies-to-the-fisheries-development-authority-of-malaysia,berita/sebut-harga,1008,313
post,17927,lkim-examination,berita/pengumuman,1009,2288
post,17322,tender-perkhidmatan-penyelenggaraan-sistem-e-nelayan-dan-sistem-e-pengisytiharan-lkim-untuk-tempoh-tiga-3-tahun-lkimt1-2023-2,berita/tender,1010,346
post,16313,sebut-harga-bagi-membekal-membangun-menguji-dan-mentauliah-sistem-epengambilan-bagi-kegunaan-lembaga-kemajuan-ikan-malaysia-lkims33-2022,berita/sebut-harga,1011,273
post,16310,perkhidmatan-penyelenggaraan-sistem-w-iccs-lkim-lkims30-2022-2,berita/sebut-harga,1012,277
post,16104,sebut-harga-bagi-perkhidmatan-pengendalian-kafeteria-di-ibu-pejabat-lkim-bagi-tempoh-satu-1-tahun-2,berita/sebut-harga,1013,326
post,16015,sebut-harga-bagi-perkhidmatan-penyelenggaraan-dan-khidmat-sokongan-peralatan-ict-pusat-data-data-center-ibu-pejabat-lembaga-kemajuan-ikan-malaysia-lkims26-2022,berita/sebut-harga,1014,391
post,15957,sebut-harga-bagi-membekal-dan-mengedar-buku-harian-rasmi-diari-lkim-untuk-tahun-2023-serta-lain-lain-kerja-berkaitan-untuk-lembaga-kemajuan-ikan-malaysia-lkims23-2022-2,berita/sebut-harga,1015,397
post,15929,sebut-harga-bagi-kerja-kerja-merekabentuk-mencetak-dan-mengedar-kalendar-meja-korporat-untuk-tahun-2023-serta-lain-lain-kerja-berkaitan-untuk-lembaga-kemajuan-ikan-malaysia-lkimsb5-2022-2,berita/sebut-harga,1016,412
post,15871,perkhidmatan-membekal-menghantar-dan-memasang-tiga-3-unit-jentera-penarik-perahu-winch-machine-di-pangkalan-nelayan-pantai-rombang-melaka-lkimm-s14-2022-2,berita/sebut-harga,1017,254
post,15859,sebut-harga-bagi-jualan-sisa-skrap-bagi-penjualan-aset-tak-alih-lkim-ibu-pejabat-komponen-bangunan-papan-tanda-logo-lkim-pagar-dawai-persempadanan-tanah-milik-lkim-pagar-besi-di-atas-tembok-batu-2,berita/sebut-harga,1018,259
post,15311,jadual-tawaran-tender-cadangan-kerja-kerja-pembaikan-dan-menaiktaraf-jeti-dan-bangunan-di-kompleks-perikanan-lkim-kuala-perlis-perlis-lkim-t12-2022-2,berita/pengumuman,1019,260
post,14788,jadual-tawaran-tender-membekal-membeku-membungkus-menyimpan-mengedar-dan-membekal-ikan-sejuk-beku-qfish-milik-lkim-lkim-t8-2022-2,berita/pengumuman,1020,260
post,14769,sebut-harga-bagi-membekal-memasang-dan-menguji-terima-alat-pendingin-hawa-jenis-split-unit-di-bangunan-chalet-dan-bangunan-standard-pusat-latihan-lkim-camar-laut-lkimsb4-2022,berita/sebut-harga,1021,261
post,14741,jadual-tawaran-tender-membekal-menghantar-memasang-menguji-dan-mentauliah-menyelenggara-peralatan-ict-untuk-lkim-secara-sewaan-bagi-tempoh-4-tahun-lkim-t7-2022-2,berita/tender,1022,233
post,14656,tender-perkhidmatan-merekabentuk-membina-menguji-dan-mentauliah-sebuah-kapal-penangkapan-ikan-jenis-pukat-jerut-ikan-zon-c2-untuk-lembaga-kemajuan-ikan-malaysia-lkimt11-2022,berita/tender,1023,283
post,14662,sebut-harga-bagi-membekal-memasang-dan-mengujiterima-peralatan-dan-kelengkapan-sistem-kawalan-keselamatan-access-gate-di-pintu-masuk-utama-wisma-lkim-jalan-desaria-pulau-meranti-puchong-selangor-2,berita/sebut-harga,1024,261
post,11640,cadangan-pemasangan-dan-penyelengaraan-2-unit-motor-dan-1-unit-submersible-pump-di-rumah-pam-serta-kerja-kerja-berkaitan-di-pelabuhan-perikanan-lkim-tok-bali-pasir-puteh-kelantan-2,berita/sebut-harga,1025,0
post,11130,sebut-harga-bagi-perkhidmatan-penyelenggaraan-empat-4-buah-chiller-dan-empat-4-buah-cooling-tower-untuk-sistem-penghawa-dingin-berpusat-serta-kerja-kerja-berkaitan-di-bangunan-wisma-lembaga-kemaju,berita/sebut-harga,1026,230
post,10804,membekal-menghantar-pakaian-seragam-kain-ela-dan-aksesori-tambahan-bagi-pengawal-keselamatan-pemandu-kenderaan-serta-pembantu-operasi-di-ibu-pejabat-lkim-lkim-seluruh-negeri-lkimsb4-2021,berita/tender,1027,213
post,10798,sebutharga-untuk-cadangan-kerja-kerja-membina-dan-menyiapkan-jeti-sungai-belanak-serta-kerja-kerja-berkaitan-di-kampung-bukit-kecil-seberang-perai-tengah-pulau-pinangpanggilan-semula,berita/pengumuman,1028,254
post,9214,quotation-for-the-supply-and-installation-of-53-units-of-led-flat-monitor-one-unit-of-projector-and-audio-wiring-works-in-lkim-tuna-meeting-room-lkims12-2020,berita/sebut-harga,1029,359
post,9212,quotation-for-lkim-staff-scuba-diving-course-services-for-the-new-diving-team-lkims22-2020,arkib/arkib-sebut-harga,1030,298
post,9210,tender-for-management-and-control-system-development-for-the-fisheries-development-authority-of-malaysia-complex-lkimt2-2020,berita/tender,1031,318
post,9054,quotation-for-works-to-develop-supply-and-upgrade-the-asset-management-system-spa-store-management-system-sps-and-integration-between-saga-and-spa-in-lkim-lkim-s17-2020-1-re-invitation-2,arkib/arkib-pengumuman,1032,214
post,9052,quotation-for-works-to-develop-supply-and-upgrade-the-asset-management-system-spa-store-management-system-sps-and-integration-between-saga-and-spa-in-lkim-lkim-s17-2020-1-re-invitation,lain-lain,1033,323
post,8999,program-caruman-skim-keselamatan-sosial-pekerjaan-sendiri-sksps-bagi-nelayan-berdaftar-di-bawah-lembaga-kemajuan-ikan-malaysia-2,arkib/arkib-pengumuman,1034,267
post,8120,advertisement-for-lkim-contract-vacancies-sabah-and-sarawak,arkib/arkib-berita,1035,199
post,8118,proposed-upgrade-of-premises-for-entrepreneurs-under-the-change-upgrade-product-program-cup-suhelmy-azhar-bin-said-at-the-cenderawasih-food-crackers-factory-cherating-kuantan-pahang-lkim-cs1,arkib/arkib-pengumuman,1036,218
post,8116,vacancy-company-manager-lkim-staff-only,arkib/arkib-berita,1037,250
post,8114,quotation-for-the-design-printing-and-supply-works-of-the-lkim-annual-report-and-financial-year-book-2018-lkimsb9-2019,arkib/arkib-pengumuman,1038,366
post,8112,lkim-program-august-2019,arkib/arkib-pengumuman,1039,201
post,7689,world-shrimp-conference-and-exposition-2,arkib/arkib-pengumuman,1040,314
post,7939,quotation-for-the-sale-of-used-cars-proton-waja-wlk-8944-lkims28-2019,arkib/arkib-sebut-harga,1041,259
post,7921,quotation-for-the-proposed-supply-installation-and-testing-of-equipment-and-related-operations-for-the-teluk-bahang-pnk-caged-fish-farming-hatchery-project-in-pantai-kamloon-kepala-batas-penang-lk,arkib/arkib-sebut-harga,1042,416
post,7918,quotation-for-the-proposed-supply-and-installation-of-mussel-larvae-and-related-equipment-for-the-seberang-perai-pnk-mussel-farming-in-the-waters-of-pulau-aman-south-seberang-perai-penang,arkib/arkib-sebut-harga,1043,383
post,7027,sukatan-peperiksaan-khas-peningkatan-secara-lantikan-psl-ke-skim-kumpulan-sokongan-1-gred-29-di-lembaga-kemajuan-ikan-malaysia,lain-lain,1044,395
post,7022,sukatan-peperiksaan-khas-peningkatan-secara-lantikan-psl-ke-skim-kumpulan-pengurusan-dan-profesional-di-lembaga-kemajuan-ikan-malaysia,lain-lain,1045,403
post,7017,sukatan-peperiksaan-perkhidmatan-kumpulan-pengurusan-dan-profesional-dan-kumpulan-sokongan-i-di-lembaga-kemajuan-ikan-malaysia,lain-lain,1046,425
post,6814,sebutharga-bagi-cadangan-kerja-kerja-membaikpulih-sistem-pencegahan-kebakaran-serta-kerja-kerja-yang-berkaitan-di-ibu-pejabat-lembaga-kemajuan-ikan-malaysia-wisma-lkim-jalan-desaria-pulau-meranti-p,arkib/arkib-berita,1047,458
post,2532,kerian-bakal-hab-ternakan-ikan-ketutu,berita/berita-terkini,1063,413
post,2530,tambak-laut-tidak-jejas-hasil-tangkapan-nelayan,berita/berita-terkini,1064,425
post,2527,pesta-air-tradisional-kuala-perlis-dijangka-tarik-5000-pengunjung,berita/berita-terkini,1065,419
post,2472,integrity-reminder,arkib/arkib-berita,1048,422
post,2470,the-agriculture-flagship-project-agf,arkib/arkib-berita,1049,541
post,2468,application-myhrmis-leave,arkib/arkib-berita,1050,485
post,2466,notice-on-change-of-lkim-motto-in-official-letter,arkib/arkib-pengumuman,1051,323
post,2463,asset-declaration-in-the-hrmis-system,arkib/arkib-pengumuman,1052,271
post,2461,links-related-to-telephone-numbers-of-general-managers-of-state-and-regional-fishermen-associations,arkib/arkib-pengumuman,1053,204
post,2446,incubator-virtualization-model-ivm,arkib/arkib-pengumuman,1054,231
post,1027,integrity-reminder-prohibition-on-political-involvement-for-top-management-group-officers-as-well-as-management-and-professional-group-officers,lain-lain,1055,388
post,1020,malaysian-agricultural-invention-show-magis-2015,arkib/arkib-pengumuman,1056,180
post,985,rm5-juta-bantu-keluarga-miskin-tegar-di-bachok,berita/berita-terkini,1057,402
post,979,pengorbanan-demi-sesuap-nasi,berita/berita-terkini,1058,307
post,971,nelayan-diingat-baharui-kad-sara-hidup,berita/berita-terkini,1059,355
post,820,latest-news,berita/berita-terkini,1060,18
post,813,announcement,arkib/arkib-pengumuman,1061,25
