article_id,alias,url
93,laporan-harga-ikan-2,https://www.lkim.gov.my/laporan-risikan-pasaran-tahunan/
93,laporan-harga-ikan-2,https://lkim.gov.my/laporan-harga-mingguan-2026/
93,laporan-harga-ikan-2,https://lkim.gov.my/laporan-harga-mingguan/
94,penerbitan,https://www.lkim.gov.my/buku-data-dan-statistik-lkim-3/
94,penerbitan,https://www.lkim.gov.my/pelan-strategik/
94,penerbitan,https://lkim.gov.my/laporan-risikan-pasaran-tahunan/
95,keluarga-lkim,https://www.lkim.gov.my/takwim-latihan-2/
100,laman-utama-3,https://www.lkim.gov.my/intranet
173,pautan,http://www.lkim.gov.my/links#
175,integrity-unit,http://www.lkim.gov.my/c/document_library/get_file?uuid=d4f98aeb-1583-4770-a0ff-32a467048751&amp;groupId=10124
175,integrity-unit,http://www.lkim.gov.my/c/document_library/get_file?uuid=2de41275-93ed-4921-9d43-e70f6b9d3003&amp;groupId=10124
175,integrity-unit,http://www.lkim.gov.my/c/document_library/get_file?uuid=4933901c-b1a2-4530-9120-e1e234e1b636&amp;groupId=10124
175,integrity-unit,http://www.lkim.gov.my/c/document_library/get_file?uuid=06ea9cb6-63df-444c-93e9-2c870fb87d46&amp;groupId=10124
175,integrity-unit,http://www.lkim.gov.my/c/document_library/get_file?uuid=556989af-8ef7-4b68-8745-0cd6554d1a0e&amp;groupId=10124
198,arkib-dalam-akhbar,http://www.lkim.gov.my/c/document_library/get_file?uuid=94c81e88-ffa5-4fc0-9cbd-f4fbfc974eb1&amp;groupId=330109
198,arkib-dalam-akhbar,http://www.lkim.gov.my/c/document_library/get_file?uuid=04a48475-08ca-4fb1-a6e5-0c1af3a6474b&amp;groupId=10124
198,arkib-dalam-akhbar,http://www.lkim.gov.my/c/document_library/get_file?uuid=331ec8d9-599b-487f-8ca2-965f657da664&amp;groupId=10124
198,arkib-dalam-akhbar,http://www.lkim.gov.my/c/document_library/get_file?uuid=cb8e11ae-30a6-4dbe-8623-a0a4f14f4dfe&amp;groupId=10124
198,arkib-dalam-akhbar,http://www.lkim.gov.my/c/document_library/get_file?uuid=bb2a0cc3-f0d0-4111-9edd-08f6bd530f86&amp;groupId=10124
198,arkib-dalam-akhbar,http://www.lkim.gov.my/c/document_library/get_file?uuid=fd214fa2-321f-41bc-8673-853a7d8c454b&amp;groupId=10124
198,arkib-dalam-akhbar,http://www.lkim.gov.my/c/document_library/get_file?uuid=4e94d7ff-869e-451c-b3d3-20be091c674f&amp;groupId=10124
198,arkib-dalam-akhbar,http://www.lkim.gov.my/c/document_library/get_file?uuid=05eb27ab-b3f1-493c-b3ce-b40d248d542c&amp;groupId=10124
198,arkib-dalam-akhbar,http://www.lkim.gov.my/c/document_library/get_file?uuid=f31ba78e-af93-4998-a07a-5595dc66f6df&amp;groupId=10124
198,arkib-dalam-akhbar,http://www.lkim.gov.my/c/document_library/get_file?uuid=1eecf3d4-5bbe-4a1f-a169-54cf5ec89bcd&amp;groupId=10124
198,arkib-dalam-akhbar,http://www.lkim.gov.my/c/document_library/get_file?uuid=a5883eba-dfb8-49c3-9ae5-813ec6817b47&amp;groupId=10124
198,arkib-dalam-akhbar,http://www.lkim.gov.my/c/document_library/get_file?uuid=c4287a14-52f9-454f-8054-bb41beb113a2&amp;groupId=10124
198,arkib-dalam-akhbar,http://www.lkim.gov.my/c/document_library/get_file?uuid=fb65f3a9-cb6b-484f-9ee3-b11edeca751b&amp;groupId=10124
198,arkib-dalam-akhbar,http://www.lkim.gov.my/c/document_library/get_file?uuid=fb65f3a9-cb6b-484f-9ee3-b11edeca751b&amp;groupId=10124
198,arkib-dalam-akhbar,http://www.lkim.gov.my/c/document_library/get_file?uuid=0b7883ca-e7bd-4d82-920f-e57107e2bf44&amp;groupId=10124
198,arkib-dalam-akhbar,http://www.lkim.gov.my/c/document_library/get_file?uuid=c3638d83-1724-4e51-8d96-1b5019575692&amp;groupId=10124
198,arkib-dalam-akhbar,http://www.lkim.gov.my/c/document_library/get_file?uuid=708fcbcc-fd2a-4bb8-b433-a3faa3107bc5&amp;groupId=10124
198,arkib-dalam-akhbar,http://www.lkim.gov.my/c/document_library/get_file?uuid=1f03ab2d-1b4d-48bb-9bef-115f07953fa0&amp;groupId=10124
198,arkib-dalam-akhbar,http://www.lkim.gov.my/c/document_library/get_file?uuid=0ff049ee-e4ca-4bc2-a5ae-caa73743e071&amp;groupId=10124
198,arkib-dalam-akhbar,http://www.lkim.gov.my/c/document_library/get_file?uuid=bc310981-2b3e-4d4a-a876-8bf3d61cff0e&amp;groupId=10124
198,arkib-dalam-akhbar,http://www.lkim.gov.my/c/document_library/get_file?uuid=0e5ebed1-673e-4cc4-baa3-083404f2d4b2&amp;groupId=10124
198,arkib-dalam-akhbar,http://www.lkim.gov.my/c/document_library/get_file?uuid=b2f727a0-82cf-4ff6-a951-d81366c79ddc&amp;groupId=10124
198,arkib-dalam-akhbar,http://www.lkim.gov.my/c/document_library/get_file?uuid=f54192c5-988d-4a4a-974a-bc1ce8f2c415&amp;groupId=10124
198,arkib-dalam-akhbar,http://www.lkim.gov.my/c/document_library/get_file?uuid=042fbc53-1d47-4fa1-998f-a7ae4f07effa&amp;groupId=10124
198,arkib-dalam-akhbar,http://www.lkim.gov.my/c/document_library/get_file?uuid=dc831d77-9e61-4649-8186-44065ebd2d45&amp;groupId=10124
198,arkib-dalam-akhbar,http://www.lkim.gov.my/c/document_library/get_file?uuid=49c4e918-f25d-4be3-8fd3-e33a2d147aee&amp;groupId=10124
198,arkib-dalam-akhbar,http://www.lkim.gov.my/c/document_library/get_file?uuid=783998e0-8e37-4c2c-af97-fe438c89a145&amp;groupId=10124
198,arkib-dalam-akhbar,http://www.lkim.gov.my/c/document_library/get_file?uuid=04a48475-08ca-4fb1-a6e5-0c1af3a6474b&amp;groupId=10124
198,arkib-dalam-akhbar,http://www.lkim.gov.my/c/document_library/get_file?uuid=2e61ba04-a694-4666-a5e5-79e5a4234303&amp;groupId=10124
198,arkib-dalam-akhbar,http://www.lkim.gov.my/c/document_library/get_file?uuid=a23e754e-b970-4583-8a82-2c2e7e15e608&amp;groupId=10124
198,arkib-dalam-akhbar,http://www.lkim.gov.my/c/document_library/get_file?uuid=145adffe-f0fb-4fbe-9c01-19aff9bf441c&amp;groupId=10124
198,arkib-dalam-akhbar,http://www.lkim.gov.my/c/document_library/get_file?uuid=f843c0fc-d550-407e-ad5a-de8816b0463e&amp;groupId=10124
198,arkib-dalam-akhbar,http://www.lkim.gov.my/c/document_library/get_file?uuid=38f2d8dc-6d82-4c0b-8328-948763c12b12&amp;groupId=10124
198,arkib-dalam-akhbar,http://www.lkim.gov.my/c/document_library/get_file?uuid=dbbed74b-d217-4ac8-bbd3-21637fc9bb79&amp;groupId=10124
198,arkib-dalam-akhbar,http://www.lkim.gov.my/c/document_library/get_file?uuid=7b4a7464-6b56-403a-91ad-c1905698fd4f&amp;groupId=10124
198,arkib-dalam-akhbar,http://www.lkim.gov.my/c/document_library/get_file?uuid=a4076ea1-7d48-4904-bbad-48eae234edaf&amp;groupId=10124
198,arkib-dalam-akhbar,http://www.lkim.gov.my/c/document_library/get_file?uuid=c336b1c0-3c37-4b92-a09a-c4f1b30ed1b1&amp;groupId=10124
198,arkib-dalam-akhbar,http://www.lkim.gov.my/c/document_library/get_file?uuid=40b2ead1-d9a9-45cd-a694-adb893266570&amp;groupId=10124
198,arkib-dalam-akhbar,http://www.lkim.gov.my/c/document_library/get_file?uuid=c973d58c-6b8a-4b2e-8270-63b810409120&amp;groupId=10124
198,arkib-dalam-akhbar,http://www.lkim.gov.my/c/document_library/get_file?uuid=ecd45866-550c-49d9-a918-4f12e43cb159&amp;groupId=10124
198,arkib-dalam-akhbar,http://www.lkim.gov.my/c/document_library/get_file?uuid=175452b2-1ccd-4368-8859-a44bdb071bd0&amp;groupId=10124
198,arkib-dalam-akhbar,http://www.lkim.gov.my/c/document_library/get_file?uuid=ee91664a-3c37-41e9-9356-03eda7602ac5&amp;groupId=10124
198,arkib-dalam-akhbar,http://www.lkim.gov.my/c/document_library/get_file?uuid=fd736bea-a957-4060-a304-4c8d6426e2ef&amp;groupId=10124
523,salam-takziah,https://www.lkim.gov.my/en/npp-steroid-in-bodybuilding-unleashing-the-power-of-nandrolone-phenylpropionate/
820,httpwww-agrobank-com-mycurrent-promotionsget-the-limited-edition-takaful-kasih-card-now,http://www.lkim.gov.my/?attachment_id=4164
914,home-3,https://www.lkim.gov.my/intranet
916,home-2,http://www.lkim.gov.my/bahagian
916,home-2,http://www.lkim.gov.my/client
916,home-2,http://www.lkim.gov.my/wp-%0A%0Acontent/uploads/2015/10/Manual-ePelesenan.pdf
916,home-2,http://www.lkim.gov.my/bahagian
916,home-2,http://www.lkim.gov.my/client
916,home-2,http://www.lkim.gov.my/wp-%0A%0Acontent/uploads/2015/10/Manual-ePelesenan.pdf
916,home-2,http://www.lkim.gov.my/ucapan-pendaftar/
916,home-2,http://www.lkim.gov.my/wp-%0A%0Acontent/uploads/2015/10/Manual-eDana.pdf
916,home-2,http://www.lkim.gov.my/wp-%0A%0Acontent/uploads/2015/10/Manual-ePelesenan.pdf
916,home-2,http://www.lkim.gov.my/wp-%0A%0Acontent/uploads/2015/10/panduan_pemohon.pdf
916,home-2,http://www.lkim.gov.my/intranet
916,home-2,http://www.lkim.gov.my/wp-%0A%0Acontent/uploads/2015/10/Manual-WICCS.pdf
916,home-2,http://www.lkim.gov.my/wp-%0A%0Acontent/uploads/2015/10/Manual-eDana.pdf
916,home-2,http://www.lkim.gov.my/wp-%0A%0Acontent/uploads/2015/10/Manual-ePelesenan.pdf
916,home-2,http://www.lkim.gov.my/wp-%0A%0Acontent/uploads/2015/10/panduan_pemohon.pdf
916,home-2,http://www.lkim.gov.my/intranet
916,home-2,http://www.lkim.gov.my/wp-%0A%0Acontent/uploads/2015/10/Manual-WICCS.pdf
916,home-2,http://www.lkim.gov.my/wp-%0A%0Acontent/uploads/2015/10/Manual-eDana.pdf
916,home-2,http://www.lkim.gov.my/wp-%0A%0Acontent/uploads/2015/10/Manual-ePelesenan.pdf
916,home-2,http://www.lkim.gov.my/wp-%0A%0Acontent/uploads/2015/10/panduan_pemohon.pdf
916,home-2,http://www.lkim.gov.my/wp-%0A%0Acontent/uploads/2015/10/Manual-WICCS.pdf
916,home-2,http://www.lkim.gov.my/wp-
916,home-2,http://www.lkim.gov.my/agribazaar-kebaikan-perniagaan-agro
916,home-2,http://www.lkim.gov.my/intranet
917,home,http://www.lkim.gov.my/bahagian
917,home,http://www.lkim.gov.my/client
917,home,http://www.lkim.gov.my/pegawai_ibupejabat
917,home,http://www.lkim.gov.my/documents/10124/b8f86344-5ccb-4116-9a7e-27f2c9a944a3
917,home,http://www.lkim.gov.my/documents/10124/b8f86344-5ccb-4116-9a7e-27f2c9a944a3
917,home,http://www.lkim.gov.my/bahagian
917,home,http://www.lkim.gov.my/client
917,home,http://www.lkim.gov.my/pegawai_ibupejabat
917,home,http://www.lkim.gov.my/documents/10124/b8f86344-5ccb-4116-9a7e-27f2c9a944a3
917,home,http://www.lkim.gov.my/documents/10124/b8f86344-5ccb-4116-9a7e-27f2c9a944a3
917,home,http://www.lkim.gov.my/kompleks
917,home,http://www.lkim.gov.my/c/document_library/get_file?uuid=da374d9c-3135-4ca7-b171-13ec5553934f&amp;groupId=10124
917,home,http://www.lkim.gov.my/c/document_library/get_file?uuid=5bb85755-3313-437f-8545-840e7d0e70ca&amp;groupId=10124
917,home,http://www.lkim.gov.my/panel-klinik-lkim
917,home,http://www.lkim.gov.my/c/document_library/get_file?uuid=f8f262b2-3d1f-4ad4-b9d5-df3619af0c90&amp;groupId=10124
917,home,http://www.lkim.gov.my/panel-klinik-lkim
917,home,http://www.lkim.gov.my/c/document_library/get_file?uuid=f8f262b2-3d1f-4ad4-b9d5-df3619af0c90&amp;groupId=10124
917,home,http://www.lkim.gov.my/agribazaar-kebaikan-perniagaan-agro
917,home,http://www.lkim.gov.my/intranet
928,fish-landing-regulatory-division,http://www.lkim.gov.my/html/themes/moa_lkm/images/moa_lkm/new/content/kawalselia/LKIM_EU_01_Form_Appendix2.pdf
928,fish-landing-regulatory-division,http://www.lkim.gov.my/image/image_gallery?uuid=b846d79e-9982-4ffd-8fd5-5e68ccf6e923&amp;groupId=81477&amp;t=1306478919500
928,fish-landing-regulatory-division,http://www.lkim.gov.my/html/themes/moa_lkm/images/moa_lkm/new/content/kawalselia/A-Guide-For-Documentation-of-SOP-Dec-2009.pdf
928,fish-landing-regulatory-division,http://www.lkim.gov.my/image/image_gallery?uuid=b846d79e-9982-4ffd-8fd5-5e68ccf6e923&amp;groupId=81477&amp;t=1306478919500
928,fish-landing-regulatory-division,http://www.lkim.gov.my/html/themes/moa_lkm/images/moa_lkm/new/content/kawalselia/SOP-Verifikasi.pdf
928,fish-landing-regulatory-division,http://www.lkim.gov.my/image/image_gallery?uuid=b846d79e-9982-4ffd-8fd5-5e68ccf6e923&amp;groupId=81477&amp;t=1306478919500
928,fish-landing-regulatory-division,http://www.lkim.gov.my/html/themes/moa_lkm/images/moa_lkm/new/content/kawalselia/Borang-Pendaftaran-Jeti.pdf
928,fish-landing-regulatory-division,http://www.lkim.gov.my/image/image_gallery?uuid=b846d79e-9982-4ffd-8fd5-5e68ccf6e923&amp;groupId=81477&amp;t=1306478919500
928,fish-landing-regulatory-division,http://www.lkim.gov.my/html/themes/moa_lkm/images/moa_lkm/new/content/kawalselia/Borang-Permohonan-Pengiktirafan.pdf
928,fish-landing-regulatory-division,http://www.lkim.gov.my/image/image_gallery?uuid=b846d79e-9982-4ffd-8fd5-5e68ccf6e923&amp;groupId=81477&amp;t=1306478919500
928,fish-landing-regulatory-division,http://www.lkim.gov.my/html/themes/moa_lkm/images/moa_lkm/new/content/kawalselia/A-Guide-For-Documentation-of-SOP-Dec-2009.pdf
928,fish-landing-regulatory-division,http://www.lkim.gov.my/image/image_gallery?uuid=b846d79e-9982-4ffd-8fd5-5e68ccf6e923&amp;groupId=81477&amp;t=1306478919500
928,fish-landing-regulatory-division,http://www.lkim.gov.my/html/themes/moa_lkm/images/moa_lkm/new/content/kawalselia/A-Guide-To-The-EU-Compliance-of-Fish-Landing-Site.pdf
928,fish-landing-regulatory-division,http://www.lkim.gov.my/image/image_gallery?uuid=b846d79e-9982-4ffd-8fd5-5e68ccf6e923&amp;groupId=81477&amp;t=1306478919500
928,fish-landing-regulatory-division,http://www.lkim.gov.my/html/themes/moa_lkm/images/moa_lkm/new/content/kawalselia/SOP-Verifikasi.pdf
928,fish-landing-regulatory-division,http://www.lkim.gov.my/image/image_gallery?uuid=b846d79e-9982-4ffd-8fd5-5e68ccf6e923&amp;groupId=81477&amp;t=1306478919500
928,fish-landing-regulatory-division,http://www.lkim.gov.my/html/themes/moa_lkm/images/moa_lkm/new/content/kawalselia/SOP-Water-Ice.pdf
928,fish-landing-regulatory-division,http://www.lkim.gov.my/image/image_gallery?uuid=b846d79e-9982-4ffd-8fd5-5e68ccf6e923&amp;groupId=81477&amp;t=1306478919500
928,fish-landing-regulatory-division,http://www.lkim.gov.my/html/themes/moa_lkm/images/moa_lkm/new/content/kawalselia/SOP-Organoleptic-Check-9-April2010.pdf
928,fish-landing-regulatory-division,http://www.lkim.gov.my/image/image_gallery?uuid=b846d79e-9982-4ffd-8fd5-5e68ccf6e923&amp;groupId=81477&amp;t=1306478919500
928,fish-landing-regulatory-division,http://www.lkim.gov.my/html/themes/moa_lkm/images/moa_lkm/new/content/kawalselia/PU%28A%29103-104-105.pdf
928,fish-landing-regulatory-division,http://www.lkim.gov.my/image/image_gallery?uuid=b846d79e-9982-4ffd-8fd5-5e68ccf6e923&amp;groupId=81477&amp;t=1306478919500
928,fish-landing-regulatory-division,http://www.lkim.gov.my/html/themes/moa_lkm/images/moa_lkm/new/content/kawalselia/PU%28B%29171-172-2010.pdf
928,fish-landing-regulatory-division,http://www.lkim.gov.my/image/image_gallery?uuid=b846d79e-9982-4ffd-8fd5-5e68ccf6e923&amp;groupId=81477&amp;t=1306478919500
934,community-development-and-fishermen-organisation,http://www.lkim.gov.my/282
934,community-development-and-fishermen-organisation,http://www.lkim.gov.my/image/image_gallery?img_id=5061500&amp;t=1413511909975
955,on-news-archive,http://www.lkim.gov.my/c/document_library/get_file?uuid=94c81e88-ffa5-4fc0-9cbd-f4fbfc974eb1&amp;groupId=330109
955,on-news-archive,http://www.lkim.gov.my/c/document_library/get_file?uuid=04a48475-08ca-4fb1-a6e5-0c1af3a6474b&amp;groupId=10124
955,on-news-archive,http://www.lkim.gov.my/c/document_library/get_file?uuid=331ec8d9-599b-487f-8ca2-965f657da664&amp;groupId=10124
955,on-news-archive,http://www.lkim.gov.my/c/document_library/get_file?uuid=cb8e11ae-30a6-4dbe-8623-a0a4f14f4dfe&amp;groupId=10124
955,on-news-archive,http://www.lkim.gov.my/c/document_library/get_file?uuid=bb2a0cc3-f0d0-4111-9edd-08f6bd530f86&amp;groupId=10124
955,on-news-archive,http://www.lkim.gov.my/c/document_library/get_file?uuid=fd214fa2-321f-41bc-8673-853a7d8c454b&amp;groupId=10124
955,on-news-archive,http://www.lkim.gov.my/c/document_library/get_file?uuid=4e94d7ff-869e-451c-b3d3-20be091c674f&amp;groupId=10124
955,on-news-archive,http://www.lkim.gov.my/c/document_library/get_file?uuid=05eb27ab-b3f1-493c-b3ce-b40d248d542c&amp;groupId=10124
955,on-news-archive,http://www.lkim.gov.my/c/document_library/get_file?uuid=f31ba78e-af93-4998-a07a-5595dc66f6df&amp;groupId=10124
955,on-news-archive,http://www.lkim.gov.my/c/document_library/get_file?uuid=1eecf3d4-5bbe-4a1f-a169-54cf5ec89bcd&amp;groupId=10124
955,on-news-archive,http://www.lkim.gov.my/c/document_library/get_file?uuid=a5883eba-dfb8-49c3-9ae5-813ec6817b47&amp;groupId=10124
955,on-news-archive,http://www.lkim.gov.my/c/document_library/get_file?uuid=c4287a14-52f9-454f-8054-bb41beb113a2&amp;groupId=10124
955,on-news-archive,http://www.lkim.gov.my/c/document_library/get_file?uuid=fb65f3a9-cb6b-484f-9ee3-b11edeca751b&amp;groupId=10124
955,on-news-archive,http://www.lkim.gov.my/c/document_library/get_file?uuid=fb65f3a9-cb6b-484f-9ee3-b11edeca751b&amp;groupId=10124
955,on-news-archive,http://www.lkim.gov.my/c/document_library/get_file?uuid=0b7883ca-e7bd-4d82-920f-e57107e2bf44&amp;groupId=10124
955,on-news-archive,http://www.lkim.gov.my/c/document_library/get_file?uuid=c3638d83-1724-4e51-8d96-1b5019575692&amp;groupId=10124
955,on-news-archive,http://www.lkim.gov.my/c/document_library/get_file?uuid=708fcbcc-fd2a-4bb8-b433-a3faa3107bc5&amp;groupId=10124
955,on-news-archive,http://www.lkim.gov.my/c/document_library/get_file?uuid=1f03ab2d-1b4d-48bb-9bef-115f07953fa0&amp;groupId=10124
955,on-news-archive,http://www.lkim.gov.my/c/document_library/get_file?uuid=0ff049ee-e4ca-4bc2-a5ae-caa73743e071&amp;groupId=10124
955,on-news-archive,http://www.lkim.gov.my/c/document_library/get_file?uuid=bc310981-2b3e-4d4a-a876-8bf3d61cff0e&amp;groupId=10124
955,on-news-archive,http://www.lkim.gov.my/c/document_library/get_file?uuid=0e5ebed1-673e-4cc4-baa3-083404f2d4b2&amp;groupId=10124
955,on-news-archive,http://www.lkim.gov.my/c/document_library/get_file?uuid=b2f727a0-82cf-4ff6-a951-d81366c79ddc&amp;groupId=10124
955,on-news-archive,http://www.lkim.gov.my/c/document_library/get_file?uuid=f54192c5-988d-4a4a-974a-bc1ce8f2c415&amp;groupId=10124
955,on-news-archive,http://www.lkim.gov.my/c/document_library/get_file?uuid=042fbc53-1d47-4fa1-998f-a7ae4f07effa&amp;groupId=10124
955,on-news-archive,http://www.lkim.gov.my/c/document_library/get_file?uuid=dc831d77-9e61-4649-8186-44065ebd2d45&amp;groupId=10124
955,on-news-archive,http://www.lkim.gov.my/c/document_library/get_file?uuid=49c4e918-f25d-4be3-8fd3-e33a2d147aee&amp;groupId=10124
955,on-news-archive,http://www.lkim.gov.my/c/document_library/get_file?uuid=783998e0-8e37-4c2c-af97-fe438c89a145&amp;groupId=10124
955,on-news-archive,http://www.lkim.gov.my/c/document_library/get_file?uuid=04a48475-08ca-4fb1-a6e5-0c1af3a6474b&amp;groupId=10124
955,on-news-archive,http://www.lkim.gov.my/c/document_library/get_file?uuid=2e61ba04-a694-4666-a5e5-79e5a4234303&amp;groupId=10124
955,on-news-archive,http://www.lkim.gov.my/c/document_library/get_file?uuid=a23e754e-b970-4583-8a82-2c2e7e15e608&amp;groupId=10124
955,on-news-archive,http://www.lkim.gov.my/c/document_library/get_file?uuid=145adffe-f0fb-4fbe-9c01-19aff9bf441c&amp;groupId=10124
955,on-news-archive,http://www.lkim.gov.my/c/document_library/get_file?uuid=f843c0fc-d550-407e-ad5a-de8816b0463e&amp;groupId=10124
955,on-news-archive,http://www.lkim.gov.my/c/document_library/get_file?uuid=38f2d8dc-6d82-4c0b-8328-948763c12b12&amp;groupId=10124
955,on-news-archive,http://www.lkim.gov.my/c/document_library/get_file?uuid=dbbed74b-d217-4ac8-bbd3-21637fc9bb79&amp;groupId=10124
955,on-news-archive,http://www.lkim.gov.my/c/document_library/get_file?uuid=7b4a7464-6b56-403a-91ad-c1905698fd4f&amp;groupId=10124
955,on-news-archive,http://www.lkim.gov.my/c/document_library/get_file?uuid=a4076ea1-7d48-4904-bbad-48eae234edaf&amp;groupId=10124
955,on-news-archive,http://www.lkim.gov.my/c/document_library/get_file?uuid=c336b1c0-3c37-4b92-a09a-c4f1b30ed1b1&amp;groupId=10124
955,on-news-archive,http://www.lkim.gov.my/c/document_library/get_file?uuid=40b2ead1-d9a9-45cd-a694-adb893266570&amp;groupId=10124
955,on-news-archive,http://www.lkim.gov.my/c/document_library/get_file?uuid=c973d58c-6b8a-4b2e-8270-63b810409120&amp;groupId=10124
955,on-news-archive,http://www.lkim.gov.my/c/document_library/get_file?uuid=ecd45866-550c-49d9-a918-4f12e43cb159&amp;groupId=10124
955,on-news-archive,http://www.lkim.gov.my/c/document_library/get_file?uuid=175452b2-1ccd-4368-8859-a44bdb071bd0&amp;groupId=10124
955,on-news-archive,http://www.lkim.gov.my/c/document_library/get_file?uuid=ee91664a-3c37-41e9-9356-03eda7602ac5&amp;groupId=10124
955,on-news-archive,http://www.lkim.gov.my/c/document_library/get_file?uuid=fd736bea-a957-4060-a304-4c8d6426e2ef&amp;groupId=10124
975,sample-page,http://www.lkim.gov.my/wp-admin/
1044,sukatan-peperiksaan-khas-peningkatan-secara-lantikan-psl-ke-skim-kumpulan-sokongan-1-gred-29-di-lembaga-kemajuan-ikan-malaysia,http://www.lkim.gov.my/en/2018/11/02/sukatan-peperiksaan-khas-peningkatan-secara-lantikan-psl-ke-skim-kumpulan-sokongan-1-gred-29-di-lembaga-kemajuan-ikan-malaysia/pindaan-sukatan-2018-psl-c-ke-b/
1045,sukatan-peperiksaan-khas-peningkatan-secara-lantikan-psl-ke-skim-kumpulan-pengurusan-dan-profesional-di-lembaga-kemajuan-ikan-malaysia,http://www.lkim.gov.my/en/2018/11/02/sukatan-peperiksaan-khas-peningkatan-secara-lantikan-psl-ke-skim-kumpulan-pengurusan-dan-profesional-di-lembaga-kemajuan-ikan-malaysia/pindaan-sukatan-2018-psl-b-ke-a/
1046,sukatan-peperiksaan-perkhidmatan-kumpulan-pengurusan-dan-profesional-dan-kumpulan-sokongan-i-di-lembaga-kemajuan-ikan-malaysia,http://www.lkim.gov.my/en/2018/11/02/sukatan-peperiksaan-perkhidmatan-kumpulan-pengurusan-dan-profesional-dan-kumpulan-sokongan-i-di-lembaga-kemajuan-ikan-malaysia/pindaan-sukatan-2018-perkhidmatan-29-41/
